Платформа	Наша услуга (Smmplan)	Наша цена ₽	-- РЕСЕЛЛЕР (Текущий) --	Текущий провайдер	ID Реселлера	Название у реселлера	Цена реселлера ₽	Min	Max	-- ВЕРДИКТ: ПЕРВОИСТОЧНИК --	Найденный Оптовик	ID Оптовика	Название у оптовика	Цена оптовика ₽	Min	Max	-- АНАЛИТИКА --	Наценка перекупа	Экономия %	Точность совпадения
Twitch	Twitch Bits (Стандарт)	125.27	---|---	Vexboost (Реселлер)	2184	Twitch Bits на ваш канал	83.51	1000	100000	---|---	Stream Promotion ⭐	71	Bits на Ваш Twitch канал [Cheers | Недорого]	0.7777	1000	100000	---|---	+10638%	-99%	🟢 100% Клон у Первоисточника
Telegram	Бусты для каналов (На 14 дней)	24755.46	---|---	Vexboost (Реселлер)	2083	Telegram Буст канала [14 Дней] [Для частных каналов] 🔒	16503.64	10	50000	---|---	Stream Promotion ⭐	28022	TG Буст [Канал | 7 Дней | 0-6/Ч | 1-2К/Д | Списания Возможны | Без Гарантии]	105.0000	10	50000	---|---	+15618%	-99%	🟢 100% Клон у Первоисточника
Telegram	Бусты для каналов (На 30 дней)	49510.91	---|---	Vexboost (Реселлер)	2082	Telegram Буст канала [30 Дней] [Для частных каналов] 🔒	33007.28	10	50000	---|---	Stream Promotion ⭐	28022	TG Буст [Канал | 7 Дней | 0-6/Ч | 1-2К/Д | Списания Возможны | Без Гарантии]	105.0000	10	50000	---|---	+31336%	-100%	🟢 100% Клон у Первоисточника
Telegram	Бусты для каналов (На 7 дней)	16338.6	---|---	Vexboost (Реселлер)	2085	Telegram Буст канала [7 Дней] [Для частных каналов] 🔒	10892.40	10	50000	---|---	Stream Promotion ⭐	28022	TG Буст [Канал | 7 Дней | 0-6/Ч | 1-2К/Д | Списания Возможны | Без Гарантии]	105.0000	10	50000	---|---	+10274%	-99%	🟢 100% Клон у Первоисточника
Twitter (x)	Голоса (Стандарт)	10	---|---	Vexboost (Реселлер)	1671	Twitter Просмотры видео [Быстрые]	0.51	100	100000000	---|---	Stream Promotion ⭐	33665	Twitter Просмотры [Пост + Видео | Турция | Дешевые | HQ | 0-15/M | 10M/Д | Списания Возможны | Без Гарантии]	0.0152	100	100000000	---|---	+3224%	-97%	🟢 100% Клон у Первоисточника
YouTube	Дизлайки (Дизлайки на комментарии)	957.9	---|---	Vexboost (Реселлер)	1911	YouTube Дизлайки на видео [Офферы СНГ]	638.60	5	10000	---|---	Stream Promotion ⭐	968	YouTube Добавление + Пинг видео в поисковые системы [Для занятия SEO позиций | 0-24/Ч]	0.2247	1	1	---|---	+284101%	-100%	🟡 80% Дешевый аналог оптовика
YouTube	Жалобы (Жалобы на видео/канал)	287.55	---|---	Vexboost (Реселлер)	1865	Yandex Zen Просмотры Видео [120 сек.]	191.70	100	5000	---|---	Stream Promotion ⭐	28859	Просмотры Дзен [Видео/Ролики | Удержание 120 сек | 0-1/Ч | 3К/Д | Списания Возможны | Без Гарантии]	2.0100	100	5000	---|---	+9437%	-99%	🟢 100% Клон у Первоисточника
Вконтакте	Заявки в друзья (Премиум)	7481.25	---|---	Vexboost (Реселлер)	3075	Wibes Репосты в ВКонтакте [Живые]	4987.50	30	1000	---|---	Stream Promotion ⭐	33839	Wibes Лайки [Живые | Вайб/Пост | 0-12/Ч | 50/Д | Списания Возможны | Без Гарантии]	6.5250	1	10000	---|---	+76337%	-100%	🟡 80% Дешевый аналог оптовика
Вконтакте	Заявки в друзья (Стандарт)	7481.25	---|---	Vexboost (Реселлер)	3075	Wibes Репосты в ВКонтакте [Живые]	4987.50	30	1000	---|---	Stream Promotion ⭐	33839	Wibes Лайки [Живые | Вайб/Пост | 0-12/Ч | 50/Д | Списания Возможны | Без Гарантии]	6.5250	1	10000	---|---	+76337%	-100%	🟡 80% Дешевый аналог оптовика
Вконтакте	Заявки в друзья (Эконом)	7481.25	---|---	Vexboost (Реселлер)	3075	Wibes Репосты в ВКонтакте [Живые]	4987.50	30	1000	---|---	Stream Promotion ⭐	33839	Wibes Лайки [Живые | Вайб/Пост | 0-12/Ч | 50/Д | Списания Возможны | Без Гарантии]	6.5250	1	10000	---|---	+76337%	-100%	🟡 80% Дешевый аналог оптовика
Telegram	Звёзды (Stars)	2713.2	---|---	Vexboost (Реселлер)	2107	Telegram Звезды на профиль	1808.80	50	50000	---|---	Stream Promotion ⭐	31618	TG Звезды [Профиль | 0-12/Ч | 100К/Д | Без Списаний | Без Гарантии]	16.7387	50	1000000	---|---	+10706%	-99%	🟡 80% Дешевый аналог оптовика
Telegram	Звёзды (Stars)	2875.3	---|---	Vexboost (Реселлер)	2281	Telegram Звезды на пост	1916.87	1	10000	---|---	Stream Promotion ⭐	32117	TG Звезды [Пост | 0-1/Ч | 50К/Д | Без Списаний | Без Гарантии]	16.7387	1	50000	---|---	+11352%	-99%	🟡 80% Дешевый аналог оптовика
YouTube	Зрители в эфир (Зрители на 120 минут)	91.75	---|---	Vexboost (Реселлер)	2266	YouTube Зрители [120 Минут][Старт до 120 минут]	61.17	50	250000	---|---	Stream Promotion ⭐	29092	YT Зрители [30 Минут | 0-120/М | Нестабильные | Мало Просмотров]	0.1131	100	1000000	---|---	+53982%	-100%	🟡 80% Дешевый аналог оптовика
TikTok	Зрители в эфир (Зрители на 120 минут)	9474.31	---|---	Vexboost (Реселлер)	2951	TikTok Зрители на трансляцию [120 Минут]	6316.21	50	10000	---|---	Stream Promotion ⭐	28743	TikTok Зрители [120 Минут | 0-30/М | Плавное Раcхождение 50%]	61.7500	50	10000	---|---	+10129%	-99%	🟢 100% Клон у Первоисточника
TikTok	Зрители в эфир (Зрители на 15 минут)	1184.29	---|---	Vexboost (Реселлер)	2947	TikTok Зрители на трансляцию [15 Минут]	789.53	50	10000	---|---	Stream Promotion ⭐	28740	TikTok Зрители [30 Минут | 0-30/М | Плавное Раcхождение 50%]	15.4376	50	10000	---|---	+5014%	-98%	🟢 100% Клон у Первоисточника
YouTube	Зрители в эфир (Зрители на 15 минут)	137.64	---|---	Vexboost (Реселлер)	2267	YouTube Зрители [180 Минут][Старт до 120 минут]	91.76	50	250000	---|---	Stream Promotion ⭐	29089	YT Зрители [180 Минут | 0-120/М | Нестабильные | Мало Просмотров]	0.6380	100	1000000	---|---	+14283%	-99%	🟡 80% Дешевый аналог оптовика
TikTok	Зрители в эфир (Зрители на 180 минут)	14211.47	---|---	Vexboost (Реселлер)	2952	TikTok Зрители на трансляцию [180 Минут]	9474.31	50	10000	---|---	Stream Promotion ⭐	28744	TikTok Зрители [180 Минут | 0-30/М | Плавное Раcхождение 50%]	92.6250	50	10000	---|---	+10129%	-99%	🟢 100% Клон у Первоисточника
YouTube	Зрители в эфир (Зрители на 180 минут)	137.64	---|---	Vexboost (Реселлер)	2267	YouTube Зрители [180 Минут][Старт до 120 минут]	91.76	50	250000	---|---	Stream Promotion ⭐	29089	YT Зрители [180 Минут | 0-120/М | Нестабильные | Мало Просмотров]	0.6380	100	1000000	---|---	+14283%	-99%	🟡 80% Дешевый аналог оптовика
TikTok	Зрители в эфир (Зрители на 240 минут)	18948.62	---|---	Vexboost (Реселлер)	2953	TikTok Зрители на трансляцию [240 Минут]	12632.41	50	10000	---|---	Stream Promotion ⭐	28745	TikTok Зрители [240 Минут | 0-30/М | Плавное Раcхождение 50%]	123.5000	50	10000	---|---	+10129%	-99%	🟢 100% Клон у Первоисточника
YouTube	Зрители в эфир (Зрители на 30 минут)	22.95	---|---	Vexboost (Реселлер)	2264	YouTube Зрители [30 Минут][Старт до 120 минут]	15.30	50	250000	---|---	Stream Promotion ⭐	29092	YT Зрители [30 Минут | 0-120/М | Нестабильные | Мало Просмотров]	0.1131	100	1000000	---|---	+13426%	-99%	🟡 80% Дешевый аналог оптовика
TikTok	Зрители в эфир (Зрители на 30 минут)	2368.58	---|---	Vexboost (Реселлер)	2948	TikTok Зрители на трансляцию [30 Минут]	1579.05	50	10000	---|---	Stream Promotion ⭐	28740	TikTok Зрители [30 Минут | 0-30/М | Плавное Раcхождение 50%]	15.4376	50	10000	---|---	+10129%	-99%	🟢 100% Клон у Первоисточника
TikTok	Зрители в эфир (Зрители на 60 минут)	4737.16	---|---	Vexboost (Реселлер)	2949	TikTok Зрители на трансляцию [60 Минут]	3158.10	50	10000	---|---	Stream Promotion ⭐	28740	TikTok Зрители [30 Минут | 0-30/М | Плавное Раcхождение 50%]	15.4376	50	10000	---|---	+20357%	-100%	🟢 100% Клон у Первоисточника
YouTube	Зрители в эфир (Зрители на 60 минут)	45.87	---|---	Vexboost (Реселлер)	2265	YouTube Зрители [60 Минут][Старт до 120 минут]	30.58	50	250000	---|---	Stream Promotion ⭐	29092	YT Зрители [30 Минут | 0-120/М | Нестабильные | Мало Просмотров]	0.1131	100	1000000	---|---	+26941%	-100%	🟡 80% Дешевый аналог оптовика
TikTok	Зрители в эфир (Зрители на 90 минут)	7105.73	---|---	Vexboost (Реселлер)	2950	TikTok Зрители на трансляцию [90 Минут]	4737.16	50	10000	---|---	Stream Promotion ⭐	28740	TikTok Зрители [30 Минут | 0-30/М | Плавное Раcхождение 50%]	15.4376	50	10000	---|---	+30586%	-100%	🟢 100% Клон у Первоисточника
Twitch	Зрители на стрим (На 10 минут)	1812.28	---|---	Vexboost (Реселлер)	2808	🇷🇺Twitch Зрители [3 Часа][С просмотрами][Удержание 5 минут][100% Авторизации][Россия]	1208.19	5	10000	---|---	Smmpanel Us	40696	Twitch Live Stream | Зрители [Россия 🇷🇺] [Удержание: 2 часа]	446.5000	5	10000	---|---	+171%	-63%	🟡 90% Точный клон (Возможно тоже перекуп)
Twitch	Зрители на стрим (На 120 минут)	1812.28	---|---	Vexboost (Реселлер)	2808	🇷🇺Twitch Зрители [3 Часа][С просмотрами][Удержание 5 минут][100% Авторизации][Россия]	1208.19	5	10000	---|---	Smmpanel Us	40696	Twitch Live Stream | Зрители [Россия 🇷🇺] [Удержание: 2 часа]	446.5000	5	10000	---|---	+171%	-63%	🟡 90% Точный клон (Возможно тоже перекуп)
Twitch	Зрители на стрим (На 20 минут)	1812.28	---|---	Vexboost (Реселлер)	2808	🇷🇺Twitch Зрители [3 Часа][С просмотрами][Удержание 5 минут][100% Авторизации][Россия]	1208.19	5	10000	---|---	Smmpanel Us	40696	Twitch Live Stream | Зрители [Россия 🇷🇺] [Удержание: 2 часа]	446.5000	5	10000	---|---	+171%	-63%	🟡 90% Точный клон (Возможно тоже перекуп)
Twitch	Зрители на стрим (На 30 минут)	1812.28	---|---	Vexboost (Реселлер)	2808	🇷🇺Twitch Зрители [3 Часа][С просмотрами][Удержание 5 минут][100% Авторизации][Россия]	1208.19	5	10000	---|---	Smmpanel Us	40696	Twitch Live Stream | Зрители [Россия 🇷🇺] [Удержание: 2 часа]	446.5000	5	10000	---|---	+171%	-63%	🟡 90% Точный клон (Возможно тоже перекуп)
Twitch	Зрители на стрим (На 60 минут)	1812.28	---|---	Vexboost (Реселлер)	2808	🇷🇺Twitch Зрители [3 Часа][С просмотрами][Удержание 5 минут][100% Авторизации][Россия]	1208.19	5	10000	---|---	Smmpanel Us	40696	Twitch Live Stream | Зрители [Россия 🇷🇺] [Удержание: 2 часа]	446.5000	5	10000	---|---	+171%	-63%	🟡 90% Точный клон (Возможно тоже перекуп)
TikTok	Комментарии (Позитивные)	10	---|---	Vexboost (Реселлер)	2904	TikTok Лайки [Без гарантии] [Быстрые]	4.14	10	1000000	---|---	Stream Promotion ⭐	234	TikTok Лайки [Дешевые | 0-3/Ч | 5К/Д | Списания Возможны | Без Гарантии]	0.0176	10	1000000	---|---	+23401%	-100%	🟢 100% Клон у Первоисточника
Вконтакте	Комментарии (Премиум)	7481.25	---|---	Vexboost (Реселлер)	3075	Wibes Репосты в ВКонтакте [Живые]	4987.50	30	1000	---|---	Stream Promotion ⭐	33839	Wibes Лайки [Живые | Вайб/Пост | 0-12/Ч | 50/Д | Списания Возможны | Без Гарантии]	6.5250	1	10000	---|---	+76337%	-100%	🟡 80% Дешевый аналог оптовика
Яндекс Дзен	Комментарии (Премиум)	435.82	---|---	Vexboost (Реселлер)	2533	Telegram Онлайн подписчики [Читайте Описание]	290.55	100	5000	---|---	Stream Promotion ⭐	2881	TG Подписчики [Онлайн | 0-30/М | 70K/Д | Списания Возможны | Без Гарантии]	1.4688	100	50000	---|---	+19681%	-99%	🟡 80% Дешевый аналог оптовика
Instagram	Комментарии (Премиум)	36.92	---|---	Vexboost (Реселлер)	2302	Instagram Комментарии [Свои] [Лучшая цена]	24.61	10	100000	---|---	❌ Не найдено						---|---			Уникальная услуга
MAX	Комментарии (Премиум)	8581.89	---|---	Vexboost (Реселлер)	2684	Max Подписчики Чат/Канал [Реальные люди до 1000 в сутки]	5721.26	30	10000	---|---	Stream Promotion ⭐	34293	MAX Подписчики [HQ | База 20К | 0-1/Ч | 1000/Д | Списания Возможны | Гарантия 30Д] 	7.7651	1	50000	---|---	+73579%	-100%	🟡 80% Дешевый аналог оптовика
Telegram	Комментарии (Рандомные комментарии)	284.23	---|---	Vexboost (Реселлер)	2187	🇨🇳 Telegram Комментарии [Случайные][Китай]	189.49	10	200000	---|---	Stream Promotion ⭐	32137	TG Комментарии [Китай | Пост | Рандомные | 0-1/Ч | 10К/Д | Возможны Списания | Без Гарантии]	3.0000	10	200000	---|---	+6216%	-98%	🟢 100% Клон у Первоисточника
Twitter (x)	Комментарии (Случайные (Арабские)	8532.56	---|---	Vexboost (Реселлер)	2431	Twitter Случайные комментарии [Арабские] [Без Списаний] [Реальные]	5688.38	5	1000	---|---	Stream Promotion ⭐	157	Twitter Комментарии Настраиваемые [5 Комментариев | HQ | 0-2/Ч | Списания Возможны | Без Гарантии]	0.2631	1	1	---|---	+2161959%	-100%	🟡 80% Дешевый аналог оптовика
Twitter (x)	Комментарии (Случайные (Гремания)	8532.56	---|---	Vexboost (Реселлер)	2429	Twitter Случайные комментарии [Германия] [Без Списаний] [Реальные]	5688.38	5	1000	---|---	Stream Promotion ⭐	31822	Twitter Просмотры [X.com | HQ | Германия | Видео | 0-1/Ч |100К/Д | Списания Возможны | Без Гарантии]	0.0200	100	50000000	---|---	+28441781%	-100%	🟡 80% Дешевый аналог оптовика
Twitter (x)	Комментарии (Случайные (Россия)	8532.56	---|---	Vexboost (Реселлер)	2432	Twitter Случайные комментарии [Россия] [Без Списаний] [Реальные]	5688.38	5	1000	---|---	Stream Promotion ⭐	31826	Twitter Просмотры [X.com | HQ | Россия | Видео | 0-1/Ч |100К/Д | Списания Возможны | Без Гарантии]	0.0200	100	50000000	---|---	+28441781%	-100%	🟡 80% Дешевый аналог оптовика
Likee	Комментарии (Случайные / Рандомные)	10	---|---	Vexboost (Реселлер)	2050	Telegram Реакция [🤓]	1.23	10	130000	---|---	❌ Не найдено						---|---			Уникальная услуга
Яндекс Дзен	Комплексное продвижение (Подписчики + Лайки + Дочитывания (20 секунд)	320.23	---|---	Vexboost (Реселлер)	2540	Telegram Онлайн подписчики + случайные сообщения [RU+EN]	213.49	100	50000	---|---	Stream Promotion ⭐	2881	TG Подписчики [Онлайн | 0-30/М | 70K/Д | Списания Возможны | Без Гарантии]	1.4688	100	50000	---|---	+14435%	-99%	🟢 100% Клон у Первоисточника
Вконтакте	Лайки (Лайки на комментарии)	7481.25	---|---	Vexboost (Реселлер)	3075	Wibes Репосты в ВКонтакте [Живые]	4987.50	30	1000	---|---	Stream Promotion ⭐	33839	Wibes Лайки [Живые | Вайб/Пост | 0-12/Ч | 50/Д | Списания Возможны | Без Гарантии]	6.5250	1	10000	---|---	+76337%	-100%	🟡 80% Дешевый аналог оптовика
TikTok	Лайки (Очень эконом)	30.26	---|---	Vexboost (Реселлер)	2956	TikTok Лайки + Просмотры [Высокое качество аккаунтов][Гарантия 30]	20.17	10	5000000	---|---	Stream Promotion ⭐	31396	TikTok Подписчики [Живые | 0-1/Ч | 1К/Д | Списания Возможны | Гарантия 90Д]	4.2000	10	5000000	---|---	+380%	-79%	🟢 100% Клон у Первоисточника
Вконтакте	Лайки (Премиум)	5684.59	---|---	Vexboost (Реселлер)	2069	🇺🇸 Telegram Premium Участники [США] [По ссылке] [Просмотры от подписчиков]	3789.72	10	50000	---|---	Stream Promotion ⭐	32205	TG Премиум Подписчики [+Просмотры от Подписчиков | США | 0-30/М | 1К/Ч | Без Списаний | Гарантия 30Д]	42.0000	10	50000	---|---	+8923%	-99%	🟢 100% Клон у Первоисточника
Likee	Лайки (Премиум)	10	---|---	Vexboost (Реселлер)	2047	Telegram Реакция [🌭]	1.23	10	130000	---|---	❌ Не найдено						---|---			Уникальная услуга
Одноклассники	Лайки (Премиум)	7481.25	---|---	Vexboost (Реселлер)	3076	Wibes Репосты в Одноклассники [Живые]	4987.50	30	1000	---|---	Stream Promotion ⭐	26422	YT Репосты Видео [Одноклассники | 0-1/Ч | 50М/Д | Гарантия 90Д]	0.2900	50	500000000	---|---	+1719728%	-100%	🟡 80% Дешевый аналог оптовика
Instagram	Лайки (Премиум)	92.85	---|---	Vexboost (Реселлер)	2566	Instagram лайки [РУ+СНГ] [30 Дней докрут по кнопке♻️]	61.90	10	50000	---|---	Stream Promotion ⭐	32466	YT Лайки Реферальные [Instagram.com | HQ | 0-1/Ч | 50К/Д | Списания Возможны | Гарантия 90Д]	0.6840	10	50000	---|---	+8950%	-99%	🟢 100% Клон у Первоисточника
Rutube	Лайки (Премиум)	280.58	---|---	Vexboost (Реселлер)	1876	Rutube Лайки на Видео [Быстрый старт] [Гарантия 30♻️]	187.05	10	149999	---|---	Stream Promotion ⭐	29355	Rutube Лайки [Видео | 0-3/Ч | 1К/Д | Списания Возможны | Без Гарантии]	2.2270	10	149999	---|---	+8299%	-99%	🟢 100% Клон у Первоисточника
YouTube	Лайки (Премиум)	156.48	---|---	Vexboost (Реселлер)	2936	YouTube Лайки [Crypto] [Реальные] [Гарантия 365♻️]	104.32	20	100000	---|---	Stream Promotion ⭐	33223	TikTok Лайки [Дешевые | HQ | 0-1/Ч | 30К/Д | Списания Возможны | Гарантия 60Д]	0.0907	10	500000	---|---	+114916%	-100%	🟡 80% Дешевый аналог оптовика
Вконтакте	Лайки (Стандарт лайки на клип/vkvideo)	7481.25	---|---	Vexboost (Реселлер)	3075	Wibes Репосты в ВКонтакте [Живые]	4987.50	30	1000	---|---	Stream Promotion ⭐	33839	Wibes Лайки [Живые | Вайб/Пост | 0-12/Ч | 50/Д | Списания Возможны | Без Гарантии]	6.5250	1	10000	---|---	+76337%	-100%	🟡 80% Дешевый аналог оптовика
Twitter (x)	Лайки (Стандарт)	564.79	---|---	Vexboost (Реселлер)	1665	Twitter Лайки [Быстрый старт + гарантия 30 ♻️]	376.53	10	1000	---|---	Stream Promotion ⭐	27512	Фолловеры для Twitter [Живые | 0-24/Ч | 200-400/Д | Списания Возможны | Гарантия 90Д]	49.9201	10	1000	---|---	+654%	-87%	🟢 100% Клон у Первоисточника
Likee	Лайки (Стандарт)	409.5	---|---	Vexboost (Реселлер)	2493	Likee Лайки [Живые - Офферы]	182.00	5	10000	---|---	Stream Promotion ⭐	32855	TikTok Лайки [Живые и Боты | 0-15/М | 20К/Д | Списания Возможны | Без Гарантии]	0.0760	10	1000000	---|---	+239374%	-100%	🟡 80% Дешевый аналог оптовика
Facebook	Лайки (Стандарт)	52.71	---|---	Vexboost (Реселлер)	1364	Facebook Лайки на пост I Моментально | 30к/день	35.14	20	500000	---|---	Stream Promotion ⭐	17694	FB Лайки [Пост | 0-6/Ч | 1-3K/Д | Списания Возможны | Гарантия 60Д]	0.4851	20	500000	---|---	+7144%	-99%	🟢 100% Клон у Первоисточника
TikTok	Лайки (Стандарт)	128.73	---|---	Vexboost (Реселлер)	2910	TikTok Лайки [Индонезия]	85.82	10	15000	---|---	Stream Promotion ⭐	33246	TikTok Лайки [HQ | Индонезия | 0-1/Ч | 10К/Д | Списания Возможны | Гарантия 30Д]	0.3000	50	20000	---|---	+28506%	-100%	🟡 80% Дешевый аналог оптовика
Rutube	Лайки (Стандарт)	280.58	---|---	Vexboost (Реселлер)	1876	Rutube Лайки на Видео [Быстрый старт] [Гарантия 30♻️]	187.05	10	149999	---|---	Stream Promotion ⭐	29355	Rutube Лайки [Видео | 0-3/Ч | 1К/Д | Списания Возможны | Без Гарантии]	2.2270	10	149999	---|---	+8299%	-99%	🟢 100% Клон у Первоисточника
Вконтакте	Лайки (Стандарт)	7481.25	---|---	Vexboost (Реселлер)	3075	Wibes Репосты в ВКонтакте [Живые]	4987.50	30	1000	---|---	Stream Promotion ⭐	33839	Wibes Лайки [Живые | Вайб/Пост | 0-12/Ч | 50/Д | Списания Возможны | Без Гарантии]	6.5250	1	10000	---|---	+76337%	-100%	🟡 80% Дешевый аналог оптовика
Одноклассники	Лайки (Стандарт)	7481.25	---|---	Vexboost (Реселлер)	3076	Wibes Репосты в Одноклассники [Живые]	4987.50	30	1000	---|---	Stream Promotion ⭐	26422	YT Репосты Видео [Одноклассники | 0-1/Ч | 50М/Д | Гарантия 90Д]	0.2900	50	500000000	---|---	+1719728%	-100%	🟡 80% Дешевый аналог оптовика
Instagram	Лайки (Стандарт)	92.85	---|---	Vexboost (Реселлер)	2566	Instagram лайки [РУ+СНГ] [30 Дней докрут по кнопке♻️]	61.90	10	50000	---|---	Stream Promotion ⭐	32466	YT Лайки Реферальные [Instagram.com | HQ | 0-1/Ч | 50К/Д | Списания Возможны | Гарантия 90Д]	0.6840	10	50000	---|---	+8950%	-99%	🟢 100% Клон у Первоисточника
YouTube	Лайки (Стандарт)	55.33	---|---	Vexboost (Реселлер)	2409	YouTube Лайки [Без списаний] [Гарантия 30 дней]	36.89	100	15000	---|---	Stream Promotion ⭐	32283	YT АвтоЛайки [Видео | 0-3/Ч | 1-3К/Д |  Без Списаний | Гарантия 30Д]	0.6400	10	150000	---|---	+5664%	-98%	🟡 80% Дешевый аналог оптовика
Twitter (x)	Лайки (Эконом)	564.79	---|---	Vexboost (Реселлер)	1665	Twitter Лайки [Быстрый старт + гарантия 30 ♻️]	376.53	10	1000	---|---	Stream Promotion ⭐	27512	Фолловеры для Twitter [Живые | 0-24/Ч | 200-400/Д | Списания Возможны | Гарантия 90Д]	49.9201	10	1000	---|---	+654%	-87%	🟢 100% Клон у Первоисточника
Одноклассники	Лайки (Эконом)	7481.25	---|---	Vexboost (Реселлер)	3076	Wibes Репосты в Одноклассники [Живые]	4987.50	30	1000	---|---	Stream Promotion ⭐	26422	YT Репосты Видео [Одноклассники | 0-1/Ч | 50М/Д | Гарантия 90Д]	0.2900	50	500000000	---|---	+1719728%	-100%	🟡 80% Дешевый аналог оптовика
Instagram	Лайки (Эконом)	17.6	---|---	Vexboost (Реселлер)	2773	Instagram Лайки [Боты] [30 Дней гарантии♻️]	11.74	10	500000	---|---	Stream Promotion ⭐	26328	TikTok Лайки [Дешевые | HQ | 0-1/Ч | 30К/Д | Списания Возможны | Гарантии 90Д]	0.0974	10	500000	---|---	+11949%	-99%	🟢 100% Клон у Первоисточника
Rutube	Лайки (Эконом)	280.58	---|---	Vexboost (Реселлер)	1876	Rutube Лайки на Видео [Быстрый старт] [Гарантия 30♻️]	187.05	10	149999	---|---	Stream Promotion ⭐	29355	Rutube Лайки [Видео | 0-3/Ч | 1К/Д | Списания Возможны | Без Гарантии]	2.2270	10	149999	---|---	+8299%	-99%	🟢 100% Клон у Первоисточника
Facebook	Лайки (Эконом)	42.36	---|---	Vexboost (Реселлер)	1365	Facebook Лайки на пост | Высокое качество | Без списаний | Отличная скорость	28.24	10	500000	---|---	Stream Promotion ⭐	17692	FB Лайки [Пост | Дешевые | 0-1/Ч | 5K/Д | Списания Возможны | Без Гарантии]	0.1871	10	500000	---|---	+14993%	-99%	🟢 100% Клон у Первоисточника
TikTok	Лайки (Эконом)	37.65	---|---	Vexboost (Реселлер)	1573	Worldwide Mobile Traffic from Android - DIRECT Traffic (Android 11 & 12)	25.10	200	10000000	---|---	Smmpanel Us	40608	Twitter (X) | Просмотры твита [Девайс: Мобильные (Android/iOS)]	9.5000	100	100000	---|---	+164%	-62%	🟠 50% Семантический аналог
Вконтакте	Лайки (Эконом)	7481.25	---|---	Vexboost (Реселлер)	3075	Wibes Репосты в ВКонтакте [Живые]	4987.50	30	1000	---|---	Stream Promotion ⭐	33839	Wibes Лайки [Живые | Вайб/Пост | 0-12/Ч | 50/Д | Списания Возможны | Без Гарантии]	6.5250	1	10000	---|---	+76337%	-100%	🟡 80% Дешевый аналог оптовика
YouTube	Лайки (Эконом)	84.5	---|---	Vexboost (Реселлер)	2937	YouTube Лайки [Crypto и NFT] [Реальные] [Гарантия 30♻️]	56.33	10	50000	---|---	Stream Promotion ⭐	29005	TikTok Лайки [HQ | 0-6/Ч | 20К/Д | Списания Возможны | Гарантия 14Д]	0.1313	10	50000	---|---	+42804%	-100%	🟢 100% Клон у Первоисточника
Telegram	Подписчики (Для бота - подписчики премиум (30 дней)	1925.38	---|---	Vexboost (Реселлер)	2202	Telegram Premium RU Подписчики [30 Дней] [Быстрые]	1283.59	1	8000	---|---	Telegram.shop ⭐	65	💎 Telegram PREMIUM Members + Online | 3 days	1.5900	10	20000	---|---	+80629%	-100%	🟡 80% Дешевый аналог оптовика
Telegram	Подписчики (Живые пользователи)	3697.5	---|---	Vexboost (Реселлер)	2221	Telegram живые подписчики с рекламы [Микс гео]	2465.00	10	100000	---|---	Stream Promotion ⭐	17072	TG Подписчики [Группа/Канал | Микс | 0-1/Ч | 10К/Д | Списания 100% | Без Гарантии]	0.1536	10	100000	---|---	+1604718%	-100%	🟢 100% Клон у Первоисточника
YouTube	Подписчики (Живые)	6613.07	---|---	Vexboost (Реселлер)	2332	YouTube Подписчики [Реальные 👤] [Без списаний]	4408.71	50	100000	---|---	Soc-Proof	1583	ᴛɢ 🇷🇺 Реальные подписчики в Бот для поиска Россия	104.0000	50	100000	---|---	+4139%	-98%	🟡 90% Точный клон (Возможно тоже перекуп)
Telegram	Подписчики (Офферные РФ/СНГ)	568.46	---|---	Vexboost (Реселлер)	2720	Telegram Подписчики с активностью [На 150 прошлых постов]	378.97	50	5000	---|---	Stream Promotion ⭐	31318	Bluesky Подписчики [HQ | 0-1/Ч | 100-150/Д | Списания Возможны | Гарантия 30Д]	2.0599	10	10000	---|---	+18298%	-99%	🟡 80% Дешевый аналог оптовика
Telegram	Подписчики (Подписчики + просмотры постов, гарантия 30 дней)	204.65	---|---	Vexboost (Реселлер)	2378	Telegram Подписчики [Гарантия - 90 дней] ♻️🚀 🇷🇺	136.43	10	50000	---|---	Stream Promotion ⭐	32469	YT Лайки Реферальные [Telegram.org | HQ | 0-1/Ч | 50К/Д | Списания Возможны | Гарантия 90Д]	0.6840	10	50000	---|---	+19846%	-99%	🟢 100% Клон у Первоисточника
Telegram	Подписчики (Подписчики + просмотры постов, гарантия 60 дней)	204.65	---|---	Vexboost (Реселлер)	2378	Telegram Подписчики [Гарантия - 90 дней] ♻️🚀 🇷🇺	136.43	10	50000	---|---	Stream Promotion ⭐	32469	YT Лайки Реферальные [Telegram.org | HQ | 0-1/Ч | 50К/Д | Списания Возможны | Гарантия 90Д]	0.6840	10	50000	---|---	+19846%	-99%	🟢 100% Клон у Первоисточника
Telegram	Подписчики (Подписчики + просмотры постов, гарантия 90 дней)	204.65	---|---	Vexboost (Реселлер)	2378	Telegram Подписчики [Гарантия - 90 дней] ♻️🚀 🇷🇺	136.43	10	50000	---|---	Stream Promotion ⭐	32469	YT Лайки Реферальные [Telegram.org | HQ | 0-1/Ч | 50К/Д | Списания Возможны | Гарантия 90Д]	0.6840	10	50000	---|---	+19846%	-99%	🟢 100% Клон у Первоисточника
Вконтакте	Подписчики (Подписчики в VK Play)	7481.25	---|---	Vexboost (Реселлер)	3075	Wibes Репосты в ВКонтакте [Живые]	4987.50	30	1000	---|---	Stream Promotion ⭐	33839	Wibes Лайки [Живые | Вайб/Пост | 0-12/Ч | 50/Д | Списания Возможны | Без Гарантии]	6.5250	1	10000	---|---	+76337%	-100%	🟡 80% Дешевый аналог оптовика
Telegram	Подписчики (Подписчики в бот)	499.88	---|---	Vexboost (Реселлер)	2927	Telegram Premium RU Подписчики [7 Дней]	333.25	10	20000	---|---	Telegram.shop ⭐	65	💎 Telegram PREMIUM Members + Online | 3 days	1.5900	10	20000	---|---	+20859%	-100%	🟢 100% Клон у Первоисточника
Twitch	Подписчики (Премиум)	32	---|---	Vexboost (Реселлер)	1356	Twitch Подписчики [30 дней гарантии] [2к/День]	21.34	20	10000	---|---	Stream Promotion ⭐	31447	IG Подписчики [HQ | 0-1/Ч | 10К/Д | Списания Возможны | Без Гарантии | Флаг Выключен] РАБОТАЮТ ПОСЛЕ 31.08	0.6000	20	10000	---|---	+3456%	-97%	🟢 100% Клон у Первоисточника
TikTok	Подписчики (Премиум)	1971.6	---|---	Vexboost (Реселлер)	2472	TikTok Подписчики [Живой трафик СНГ+МИКС]	1314.40	5	10000	---|---	Stream Promotion ⭐	33439	TikTok Подписчики [Микс | 0-1/Ч | 10К/Д | Возможны Списания | Гарантия 30Д] РАБОТАЮТ ПОСЛЕ 16.10	1.4500	100	1000000	---|---	+90548%	-100%	🟡 80% Дешевый аналог оптовика
Одноклассники	Подписчики (Премиум)	7481.25	---|---	Vexboost (Реселлер)	3076	Wibes Репосты в Одноклассники [Живые]	4987.50	30	1000	---|---	Stream Promotion ⭐	26422	YT Репосты Видео [Одноклассники | 0-1/Ч | 50М/Д | Гарантия 90Д]	0.2900	50	500000000	---|---	+1719728%	-100%	🟡 80% Дешевый аналог оптовика
Вконтакте	Подписчики (Премиум)	7481.25	---|---	Vexboost (Реселлер)	3075	Wibes Репосты в ВКонтакте [Живые]	4987.50	30	1000	---|---	Stream Promotion ⭐	33839	Wibes Лайки [Живые | Вайб/Пост | 0-12/Ч | 50/Д | Списания Возможны | Без Гарантии]	6.5250	1	10000	---|---	+76337%	-100%	🟡 80% Дешевый аналог оптовика
Rutube	Подписчики (Премиум)	441.75	---|---	Vexboost (Реселлер)	2504	🇷🇺 Telegram Подписчики [Россия] [Без списаний]♻️🚀	294.50	1	50000	---|---	Stream Promotion ⭐	33241	TG Подписчики [UHQ + РУ СИМ | Россия | 0-1/Ч | 20К/Д | Возможны Списания | Без Гарантии]	3.6000	1	50000	---|---	+8081%	-99%	🟢 100% Клон у Первоисточника
Instagram	Подписчики (Премиум)	3627	---|---	Vexboost (Реселлер)	3008	🇷🇺 Instagram Подписчики [Россия] [Живые]	2418.00	5	10000	---|---	Stream Promotion ⭐	34387	TG Просмотры [Живые | Плавные | Россия | Со Статистикой | 0-1/Ч | 5K/Д | Списания Возможны | Без Гарантии]	0.0380	500	300000	---|---	+6363058%	-100%	🟡 80% Дешевый аналог оптовика
MAX	Подписчики (Премиум)	8581.89	---|---	Vexboost (Реселлер)	2684	Max Подписчики Чат/Канал [Реальные люди до 1000 в сутки]	5721.26	30	10000	---|---	Stream Promotion ⭐	34293	MAX Подписчики [HQ | База 20К | 0-1/Ч | 1000/Д | Списания Возможны | Гарантия 30Д] 	7.7651	1	50000	---|---	+73579%	-100%	🟡 80% Дешевый аналог оптовика
YouTube	Подписчики (Премиум)	7577.55	---|---	Vexboost (Реселлер)	2333	YouTube Подписчики [Реальные 👤] [Без списаний] [4к/День]	5051.70	50	100000	---|---	Soc-Proof	1583	ᴛɢ 🇷🇺 Реальные подписчики в Бот для поиска Россия	104.0000	50	100000	---|---	+4757%	-98%	🟡 90% Точный клон (Возможно тоже перекуп)
Яндекс Дзен	Подписчики (Премиум)	31.45	---|---	Vexboost (Реселлер)	2529	Instagram Лайки [30 Дней гарантии♻️] [Списания 0%]	20.97	10	1000000	---|---	Stream Promotion ⭐	234	TikTok Лайки [Дешевые | 0-3/Ч | 5К/Д | Списания Возможны | Без Гарантии]	0.0176	10	1000000	---|---	+119047%	-100%	🟢 100% Клон у Первоисточника
Likee	Подписчики (Премиум)	1092	---|---	Vexboost (Реселлер)	2492	Likee Подписчики [Живые - Офферы]	546.00	5	5000	---|---	Stream Promotion ⭐	33434	Likee Подписчики [Живые | 0-6/Ч | 1К/Д | Списания Возможны | Без Гарантии]	17.8237	5	30000	---|---	+2963%	-97%	🟡 80% Дешевый аналог оптовика
MAX	Подписчики (Стандарт +)	8581.89	---|---	Vexboost (Реселлер)	2684	Max Подписчики Чат/Канал [Реальные люди до 1000 в сутки]	5721.26	30	10000	---|---	Stream Promotion ⭐	34293	MAX Подписчики [HQ | База 20К | 0-1/Ч | 1000/Д | Списания Возможны | Гарантия 30Д] 	7.7651	1	50000	---|---	+73579%	-100%	🟡 80% Дешевый аналог оптовика
Одноклассники	Подписчики (Стандарт)	7481.25	---|---	Vexboost (Реселлер)	3076	Wibes Репосты в Одноклассники [Живые]	4987.50	30	1000	---|---	Stream Promotion ⭐	26422	YT Репосты Видео [Одноклассники | 0-1/Ч | 50М/Д | Гарантия 90Д]	0.2900	50	500000000	---|---	+1719728%	-100%	🟡 80% Дешевый аналог оптовика
Twitter (x)	Подписчики (Стандарт)	2001.24	---|---	Vexboost (Реселлер)	1695	Twitter Подписчики [US / UK / ES] [Гарантия 30 Дней] [Всегда стабильные]	1334.16	10	5000	---|---	Stream Promotion ⭐	754	Vimeo Подписчики [0-1/Ч | 10К/Д | Списания Возможны | Гарантия 30Д]	3.3750	10	5000	---|---	+39431%	-100%	🟢 100% Клон у Первоисточника
Rutube	Подписчики (Стандарт)	124.8	---|---	Vexboost (Реселлер)	2789	Rutube Подписчики [Быстрый старт] [Россия🇷🇺]	83.20	10	50000	---|---	Stream Promotion ⭐	34107	TG Бот Старт [ИИ Ключевые слова | Премиум Аккаунты | Россия | 0-1/Ч | 10К/Д | Списания Возможны | Без Гарантии]	7.0000	10	50000	---|---	+1089%	-92%	🟢 100% Клон у Первоисточника
Instagram	Подписчики (Стандарт)	65.53	---|---	Vexboost (Реселлер)	2774	⚡🌟 Instagram Подписчики [Старые Профили][Списания 0-15%][ИИ Гарантия 30♻️]	43.68	50	1000000	---|---	Stream Promotion ⭐	32489	YT Подписчики [Канал | Микс | Живые | С Поиска | 0-15/М | 250-750/Д | Списания Возможны | Без Гарантии]	36.4088	50	1000000	---|---	+20%	-17%	🟢 100% Клон у Первоисточника
MAX	Подписчики (Стандарт)	5100	---|---	Vexboost (Реселлер)	2989	MAX Подписчики [Без списаний]	3400.00	1	50000	---|---	Stream Promotion ⭐	34293	MAX Подписчики [HQ | База 20К | 0-1/Ч | 1000/Д | Списания Возможны | Гарантия 30Д] 	7.7651	1	50000	---|---	+43686%	-100%	🟢 100% Клон у Первоисточника
Вконтакте	Подписчики (Стандарт)	7481.25	---|---	Vexboost (Реселлер)	3075	Wibes Репосты в ВКонтакте [Живые]	4987.50	30	1000	---|---	Stream Promotion ⭐	33839	Wibes Лайки [Живые | Вайб/Пост | 0-12/Ч | 50/Д | Списания Возможны | Без Гарантии]	6.5250	1	10000	---|---	+76337%	-100%	🟡 80% Дешевый аналог оптовика
TikTok	Подписчики (Стандарт)	732.38	---|---	Vexboost (Реселлер)	1896	TikTok Подписчики [Живые][Россия+СНГ][Вечная Гарантия♻️]	488.25	10	30000	---|---	Smmpanel Us	38540	Telegram | Онлайн подписчики [🇷🇺 Россия]	287.8500	10	30000	---|---	+70%	-41%	🟡 90% Точный клон (Возможно тоже перекуп)
Twitch	Подписчики (Стандарт)	34687.56	---|---	Vexboost (Реселлер)	2185	Twitch Подписчики Prime	23125.04	1	100	---|---	Stream Promotion ⭐	70	Prime подписчики на Ваш Twitch канал	215.3660	1	100	---|---	+10638%	-99%	🟢 100% Клон у Первоисточника
Telegram	Подписчики (Стандарт)	130.75	---|---	Vexboost (Реселлер)	2104	Telegram Подписчики [90 Дней без списаний♻️]	87.16	500	200000	---|---	Soc-Proof	926	ᴛɢ Моментальные подписчики без списаний	76.0000	500	200000	---|---	+15%	-13%	🟡 90% Точный клон (Возможно тоже перекуп)
Likee	Подписчики (Стандарт)	1092	---|---	Vexboost (Реселлер)	2492	Likee Подписчики [Живые - Офферы]	546.00	5	5000	---|---	Stream Promotion ⭐	33434	Likee Подписчики [Живые | 0-6/Ч | 1К/Д | Списания Возможны | Без Гарантии]	17.8237	5	30000	---|---	+2963%	-97%	🟡 80% Дешевый аналог оптовика
Telegram	Подписчики (Участники в чат)	1661.37	---|---	Vexboost (Реселлер)	1523	Telegram Premium Участники [30 Дней + Из поиска] [Сервер: 2]	1107.58	50	100000	---|---	SocRocket	315	Telegram Premium - Подписчики (Из поиска) (7 дн) ⚡️⚡️ ★	299.0000	50	100000	---|---	+270%	-73%	🟡 90% Точный клон (Возможно тоже перекуп)
Twitch	Подписчики (Эконом)	34687.56	---|---	Vexboost (Реселлер)	2185	Twitch Подписчики Prime	23125.04	1	100	---|---	Stream Promotion ⭐	70	Prime подписчики на Ваш Twitch канал	215.3660	1	100	---|---	+10638%	-99%	🟢 100% Клон у Первоисточника
Вконтакте	Подписчики (Эконом)	7481.25	---|---	Vexboost (Реселлер)	3075	Wibes Репосты в ВКонтакте [Живые]	4987.50	30	1000	---|---	Stream Promotion ⭐	33839	Wibes Лайки [Живые | Вайб/Пост | 0-12/Ч | 50/Д | Списания Возможны | Без Гарантии]	6.5250	1	10000	---|---	+76337%	-100%	🟡 80% Дешевый аналог оптовика
Likee	Подписчики (Эконом)	1160.39	---|---	Vexboost (Реселлер)	2486	Likee Подписчики [Высокое качество]	773.59	10	50000	---|---	Stream Promotion ⭐	23844	IG Лайки [REELS | Высокое качество | Списания Возможны | 10-20К/Д | Женщины | Без гарантии] РАБОТАЮТ ПОСЛЕ 04.10	0.8323	20	20000	---|---	+92846%	-100%	🟡 80% Дешевый аналог оптовика
Rutube	Подписчики (Эконом)	290.25	---|---	Vexboost (Реселлер)	1875	Rutube Подписчики [Быстрый старт] [Гарантия 30♻️]	193.50	10	149999	---|---	Stream Promotion ⭐	731	Подписчики Rutube [0-10/М | 500-1К/Д | Списания Возможны | Гарантия 30Д]	2.0960	10	149999	---|---	+9132%	-99%	🟢 100% Клон у Первоисточника
Одноклассники	Подписчики (Эконом)	7481.25	---|---	Vexboost (Реселлер)	3076	Wibes Репосты в Одноклассники [Живые]	4987.50	30	1000	---|---	Stream Promotion ⭐	26422	YT Репосты Видео [Одноклассники | 0-1/Ч | 50М/Д | Гарантия 90Д]	0.2900	50	500000000	---|---	+1719728%	-100%	🟡 80% Дешевый аналог оптовика
Telegram	Подписчики (Эконом)	136.92	---|---	Vexboost (Реселлер)	3007	🇪🇺 Telegram Подписчики [Без списаний] [Европа]	91.28	500	100000	---|---	Stream Promotion ⭐	33682	TG Подписчики [Индийские Ники | Канал/Группа | 0-1/Ч | 20К/Д | Без Списаний | Гарантия 3Д]	0.3591	10	100000	---|---	+25319%	-100%	🟡 80% Дешевый аналог оптовика
Instagram	Подписчики (Эконом)	205.38	---|---	Vexboost (Реселлер)	2768	🇮🇳 Instagram Подписчики [Индия]	136.92	10	5000	---|---	Stream Promotion ⭐	27128	Трафик для сайта [Индия | Instagram | Неотфильтрованный | 0-24/Ч | Без Гарантий]	0.4000	100	1000000	---|---	+34130%	-100%	🟡 80% Дешевый аналог оптовика
Twitter (x)	Подписчики (Эконом)	122.37	---|---	Vexboost (Реселлер)	1664	Twitter Подписчики [Без гарантии] [Лучшая услуга]	81.58	100	10000	---|---	Stream Promotion ⭐	33828	FB Подписчики [LQ | Профиль/Страница | 0-1/Ч | 3К/Д | Списания Возможны | Без Гарантии]	0.2251	100	10000	---|---	+36142%	-100%	🟢 100% Клон у Первоисточника
TikTok	Подписчики (Эконом)	1971.6	---|---	Vexboost (Реселлер)	2472	TikTok Подписчики [Живой трафик СНГ+МИКС]	1314.40	5	10000	---|---	Stream Promotion ⭐	33439	TikTok Подписчики [Микс | 0-1/Ч | 10К/Д | Возможны Списания | Гарантия 30Д] РАБОТАЮТ ПОСЛЕ 16.10	1.4500	100	1000000	---|---	+90548%	-100%	🟡 80% Дешевый аналог оптовика
Telegram	Подписчики в приват канал (Премиум)	384.75	---|---	Vexboost (Реселлер)	2453	Telegram Подписчики для реакций [Для закрытых каналов]	256.50	1000	3000	---|---	Smmpanel Us	38601	Telegram | Подписчики [Весь мир] [No Refill]	10.4500	10	5000	---|---	+2355%	-96%	🟠 50% Семантический аналог
Telegram	Подписчики в приват канал (Стандарт)	384.75	---|---	Vexboost (Реселлер)	2453	Telegram Подписчики для реакций [Для закрытых каналов]	256.50	1000	3000	---|---	Smmpanel Us	38601	Telegram | Подписчики [Весь мир] [No Refill]	10.4500	10	5000	---|---	+2355%	-96%	🟠 50% Семантический аналог
Telegram	Подписчики в приват канал (Стандарт, гарантия 90 дней)	47530.48	---|---	Vexboost (Реселлер)	2670	Telegram Буст канала [30 Дней] [Гарантия]⚡️	31686.99	10	150000	---|---	Stream Promotion ⭐	32469	YT Лайки Реферальные [Telegram.org | HQ | 0-1/Ч | 50К/Д | Списания Возможны | Гарантия 90Д]	0.6840	10	50000	---|---	+4632500%	-100%	🟡 80% Дешевый аналог оптовика
Telegram	Подписчики в приват канал (Эконом)	384.75	---|---	Vexboost (Реселлер)	2453	Telegram Подписчики для реакций [Для закрытых каналов]	256.50	1000	3000	---|---	Smmpanel Us	38601	Telegram | Подписчики [Весь мир] [No Refill]	10.4500	10	5000	---|---	+2355%	-96%	🟠 50% Семантический аналог
Facebook	Подписчики на профиль (Эконом подписчики на профиль)	21.09	---|---	Vexboost (Реселлер)	1360	Facebook Подписчики [Для страницы/профиля] [Гарантия 30 Дней ♻️][До 2к/сутки]	14.06	100	10000	---|---	Stream Promotion ⭐	33829	FB Подписчики [LQ | Профиль/Страница | 0-1/Ч | 3К/Д | Списания Возможны | Гарантия 30Д]	0.2550	100	10000	---|---	+5413%	-98%	🟢 100% Клон у Первоисточника
Facebook	Подписчики на страницу (Эконом подписчики для страницы)	49.87	---|---	Vexboost (Реселлер)	1909	YouTube Лайки [Стабильная услуга] [Гарантия 30 дней]	33.25	10	1000000	---|---	Stream Promotion ⭐	26997	IG Лайки [HQ | Дешёвые | 0-1/Ч | 10К/Д | Списания Возможны | Гарантия 30Д] 	0.1034	10	1000000	---|---	+32054%	-100%	🟢 100% Клон у Первоисточника
Вконтакте	Прослушивания (Живые пользователи)	7481.25	---|---	Vexboost (Реселлер)	3075	Wibes Репосты в ВКонтакте [Живые]	4987.50	30	1000	---|---	Stream Promotion ⭐	33839	Wibes Лайки [Живые | Вайб/Пост | 0-12/Ч | 50/Д | Списания Возможны | Без Гарантии]	6.5250	1	10000	---|---	+76337%	-100%	🟡 80% Дешевый аналог оптовика
Вконтакте	Прослушивания (Эконом)	7481.25	---|---	Vexboost (Реселлер)	3075	Wibes Репосты в ВКонтакте [Живые]	4987.50	30	1000	---|---	Stream Promotion ⭐	33839	Wibes Лайки [Живые | Вайб/Пост | 0-12/Ч | 50/Д | Списания Возможны | Без Гарантии]	6.5250	1	10000	---|---	+76337%	-100%	🟡 80% Дешевый аналог оптовика
Instagram	Просмотр всех историй (Стандарт)	10	---|---	Vexboost (Реселлер)	2411	Instagram Просмотры видео [Все ссылки] [Лучшая цена!]	0.11	100	2147483647	---|---	Stream Promotion ⭐	33663	Twitter Просмотры [Пост + Видео | Дешевые | HQ | 0-15/M | 50К/Д | Списания Возможны | Без Гарантии]	0.0080	100	2147483647	---|---	+1245%	-93%	🟢 100% Клон у Первоисточника
Instagram	Просмотр всех историй (Эконом)	10	---|---	Vexboost (Реселлер)	2776	Instagram Просмотры Фото [Карусель + Охваты]	1.30	10	100000000	---|---	Stream Promotion ⭐	24343	IG Просмотры + Охваты + Показы [MQ | Любые Ссылки | 0-1/Ч | 200К/Д | Списания Возможны | Без Гарантии] РАБОТАЮТ ПОСЛЕ 31.08	0.0718	100	10000000	---|---	+1716%	-94%	🟡 80% Дешевый аналог оптовика
Telegram	Просмотры (Быстрые)	10	---|---	Vexboost (Реселлер)	2668	Telegram Просмотры поста [Крупные заказы][Быстрые][Сервер: 2]	0.14	10	500000	---|---	Stream Promotion ⭐	26881	TELEGRAM ПРОСМОТРЫ ПРОВАЙДЕР - stream-promotion.ru	0.0000	10000000	10000000	---|---	+0%	-100%	🟡 80% Дешевый аналог оптовика
Telegram	Просмотры (Для ТОПа (Из поиска)	10	---|---	Vexboost (Реселлер)	2127	Telegram Просмотры [Для закрытых каналов]	2.53	1	300000	---|---	Stream Promotion ⭐	26881	TELEGRAM ПРОСМОТРЫ ПРОВАЙДЕР - stream-promotion.ru	0.0000	10000000	10000000	---|---	+0%	-100%	🟡 80% Дешевый аналог оптовика
Telegram	Просмотры (Живые пользователи)	20.66	---|---	Vexboost (Реселлер)	2228	Telegram Живые просмотры [Микс] 👥	13.78	300	500000	---|---	Stream Promotion ⭐	26881	TELEGRAM ПРОСМОТРЫ ПРОВАЙДЕР - stream-promotion.ru	0.0000	10000000	10000000	---|---	+0%	-100%	🟡 80% Дешевый аналог оптовика
Telegram	Просмотры (На 5 последних постов)	10	---|---	Vexboost (Реселлер)	2304	Telegram Просмотры [Последние 5 постов]	1.58	10	350000	---|---	Stream Promotion ⭐	422	TG Просмотры  [Последние 5 постов | Быстрые | 0-6/Ч | Списания Возможны | Без Гарантии]	0.1882	1	400000	---|---	+739%	-88%	🟡 80% Дешевый аналог оптовика
Telegram	Просмотры (На последние 10 постов)	10	---|---	Vexboost (Реселлер)	2304	Telegram Просмотры [Последние 5 постов]	1.58	10	350000	---|---	Stream Promotion ⭐	422	TG Просмотры  [Последние 5 постов | Быстрые | 0-6/Ч | Списания Возможны | Без Гарантии]	0.1882	1	400000	---|---	+739%	-88%	🟡 80% Дешевый аналог оптовика
Telegram	Просмотры (На последние 20 постов)	10	---|---	Vexboost (Реселлер)	2304	Telegram Просмотры [Последние 5 постов]	1.58	10	350000	---|---	Stream Promotion ⭐	422	TG Просмотры  [Последние 5 постов | Быстрые | 0-6/Ч | Списания Возможны | Без Гарантии]	0.1882	1	400000	---|---	+739%	-88%	🟡 80% Дешевый аналог оптовика
Telegram	Просмотры (На последние 50 постов)	10	---|---	Vexboost (Реселлер)	2304	Telegram Просмотры [Последние 5 постов]	1.58	10	350000	---|---	Stream Promotion ⭐	422	TG Просмотры  [Последние 5 постов | Быстрые | 0-6/Ч | Списания Возможны | Без Гарантии]	0.1882	1	400000	---|---	+739%	-88%	🟡 80% Дешевый аналог оптовика
TikTok	Просмотры (Очень эконом)	10	---|---	Vexboost (Реселлер)	2915	TikTok Просмотры [Без списаний]	1.61	100	50000000	---|---	Stream Promotion ⭐	13938	TikTok Просмотры [Турция | 0-1/Ч | 100К/Д | Без Гарантии]	0.0213	100	50000000	---|---	+7476%	-99%	🟢 100% Клон у Первоисточника
Telegram	Просмотры (Премиум (TgStat + Telemetr)	19.95	---|---	Vexboost (Реселлер)	2139	Telegram Умные Просмотры лесенкой для Tgstat и Telemetr [Сервер 1]	13.30	300	500000	---|---	Stream Promotion ⭐	26881	TELEGRAM ПРОСМОТРЫ ПРОВАЙДЕР - stream-promotion.ru	0.0000	10000000	10000000	---|---	+0%	-100%	🟡 80% Дешевый аналог оптовика
Rutube	Просмотры (Премиум (Удержание 2 минуты)	393.75	---|---	Vexboost (Реселлер)	1872	Rutube Авто - Просмотры на 5 видео [Реальные]	262.50	100	500003	---|---	Stream Promotion ⭐	17909	Просмотры Rutube [Реальные | 0-12/Ч | 500-1К/Д | Списания Возможны | Гарантия 30Д]	0.5250	50	100001	---|---	+49900%	-100%	🟡 80% Дешевый аналог оптовика
Rutube	Просмотры (Премиум (Удержание 40-60 секунд)	682.5	---|---	Vexboost (Реселлер)	1873	Rutube Авто - Просмотры на 10 видео [Реальные]	455.00	100	500003	---|---	Stream Promotion ⭐	17909	Просмотры Rutube [Реальные | 0-12/Ч | 500-1К/Д | Списания Возможны | Гарантия 30Д]	0.5250	50	100001	---|---	+86567%	-100%	🟡 80% Дешевый аналог оптовика
Rutube	Просмотры (Премиум (Удержание 5 минуты)	393.75	---|---	Vexboost (Реселлер)	1872	Rutube Авто - Просмотры на 5 видео [Реальные]	262.50	100	500003	---|---	Stream Promotion ⭐	17909	Просмотры Rutube [Реальные | 0-12/Ч | 500-1К/Д | Списания Возможны | Гарантия 30Д]	0.5250	50	100001	---|---	+49900%	-100%	🟡 80% Дешевый аналог оптовика
MAX	Просмотры (Премиум)	907.7	---|---	Vexboost (Реселлер)	2688	Max Просмотры поста +2 предыдущих	605.13	30	1000	---|---	Soc-Proof	1285	Max живые просмотры	534.0000	30	1000	---|---	+13%	-12%	🟡 90% Точный клон (Возможно тоже перекуп)
Likee	Просмотры (Премиум)	222.49	---|---	Vexboost (Реселлер)	2488	Likee Просмотры [Высокое качество]	148.33	10	1000000	---|---	Stream Promotion ⭐	23844	IG Лайки [REELS | Высокое качество | Списания Возможны | 10-20К/Д | Женщины | Без гарантии] РАБОТАЮТ ПОСЛЕ 04.10	0.8323	20	20000	---|---	+17722%	-99%	🟡 80% Дешевый аналог оптовика
TikTok	Просмотры (Премиум)	10	---|---	Vexboost (Реселлер)	2915	TikTok Просмотры [Без списаний]	1.61	100	50000000	---|---	Stream Promotion ⭐	13938	TikTok Просмотры [Турция | 0-1/Ч | 100К/Д | Без Гарантии]	0.0213	100	50000000	---|---	+7476%	-99%	🟢 100% Клон у Первоисточника
Rutube	Просмотры (Премиум)	682.5	---|---	Vexboost (Реселлер)	1873	Rutube Авто - Просмотры на 10 видео [Реальные]	455.00	100	500003	---|---	Stream Promotion ⭐	17909	Просмотры Rutube [Реальные | 0-12/Ч | 500-1К/Д | Списания Возможны | Гарантия 30Д]	0.5250	50	100001	---|---	+86567%	-100%	🟡 80% Дешевый аналог оптовика
Telegram	Просмотры (Просмотры сторис)	10	---|---	Vexboost (Реселлер)	1904	Telegram Просмотры Историй	6.32	1	300000	---|---	Stream Promotion ⭐	26881	TELEGRAM ПРОСМОТРЫ ПРОВАЙДЕР - stream-promotion.ru	0.0000	10000000	10000000	---|---	+0%	-100%	🟡 80% Дешевый аналог оптовика
YouTube	Просмотры (Стандарт (Высокое удержание)	265.66	---|---	Vexboost (Реселлер)	1910	YouTube Просмотры [Google ADS] [500к/Час]	177.11	100	100000	---|---	Stream Promotion ⭐	31871	YouTube Зрители [Бесплатные | 10 Зрителей | 1 Час]	0.0000	10	10	---|---	+0%	-100%	🟡 80% Дешевый аналог оптовика
Rutube	Просмотры (Стандарт)	10	---|---	Vexboost (Реселлер)	2662	Rutube Просмотры [Лучшая цена]	3.84	50	999999	---|---	Stream Promotion ⭐	33743	Просмотры Rutube [Дешевые | Удержание 15+ сек | 0-1/Ч | 20К/Д | Списания Возможны | Гарантия 30Д]	0.0617	100	1000000	---|---	+6121%	-98%	🟡 80% Дешевый аналог оптовика
Telegram	Просмотры (Стандарт)	138.75	---|---	Vexboost (Реселлер)	1603	Telegram Просмотры RU [SEO] 🌟	92.50	20	100000	---|---	Stream Promotion ⭐	26881	TELEGRAM ПРОСМОТРЫ ПРОВАЙДЕР - stream-promotion.ru	0.0000	10000000	10000000	---|---	+0%	-100%	🟡 80% Дешевый аналог оптовика
Likee	Просмотры (Стандарт)	222.49	---|---	Vexboost (Реселлер)	2488	Likee Просмотры [Высокое качество]	148.33	10	1000000	---|---	Stream Promotion ⭐	23844	IG Лайки [REELS | Высокое качество | Списания Возможны | 10-20К/Д | Женщины | Без гарантии] РАБОТАЮТ ПОСЛЕ 04.10	0.8323	20	20000	---|---	+17722%	-99%	🟡 80% Дешевый аналог оптовика
YouTube	Просмотры (Стандарт)	197.63	---|---	Vexboost (Реселлер)	1997	YouTube RU Живые просмотры [Рекомендации + внешние] [Гарантия]	131.75	100	200000	---|---	Stream Promotion ⭐	27049	YT Просмотры [Внешние | Видео | Удержание 60 Сек | 0-1/Ч | 20К/Д | Списания 50% | Гарантия 30Д]	0.8400	100	200000	---|---	+15585%	-99%	🟢 100% Клон у Первоисточника
Twitter (x)	Просмотры (Стандарт)	10	---|---	Vexboost (Реселлер)	2564	Twitter Просмотры на твит/видео [Без перекрута]	0.50	100	100000000	---|---	Stream Promotion ⭐	33665	Twitter Просмотры [Пост + Видео | Турция | Дешевые | HQ | 0-15/M | 10M/Д | Списания Возможны | Без Гарантии]	0.0152	100	100000000	---|---	+3160%	-97%	🟢 100% Клон у Первоисточника
TikTok	Просмотры (Стандарт)	10	---|---	Vexboost (Реселлер)	2915	TikTok Просмотры [Без списаний]	1.61	100	50000000	---|---	Stream Promotion ⭐	13938	TikTok Просмотры [Турция | 0-1/Ч | 100К/Д | Без Гарантии]	0.0213	100	50000000	---|---	+7476%	-99%	🟢 100% Клон у Первоисточника
MAX	Просмотры (Эконом)	432	---|---	Vexboost (Реселлер)	2990	MAX Просмотры [На 1 пост]	288.00	1	50000	---|---	Stream Promotion ⭐	33842	MAX Просмотры [1 Пост | 0-1/Ч | 10К/Д | Списания Возможны | Без Гарантии]	2.8596	1	50000	---|---	+9971%	-99%	🟢 100% Клон у Первоисточника
Rutube	Просмотры (Эконом)	10	---|---	Vexboost (Реселлер)	2662	Rutube Просмотры [Лучшая цена]	3.84	50	999999	---|---	Stream Promotion ⭐	33743	Просмотры Rutube [Дешевые | Удержание 15+ сек | 0-1/Ч | 20К/Д | Списания Возможны | Гарантия 30Д]	0.0617	100	1000000	---|---	+6121%	-98%	🟡 80% Дешевый аналог оптовика
YouTube	Просмотры (Эконом)	152.32	---|---	Vexboost (Реселлер)	2274	YouTube Просмотры [Скорость 1 - 2к/День] [Авто - восстановление]	101.55	100	100000	---|---	Stream Promotion ⭐	23472	VK Просмотры [Пост | Безлимитные Автопросмотры | 7 суток | 0-1/Ч | 50К/Д | Без Гарантии]	14.3577	100	100000	---|---	+607%	-86%	🟢 100% Клон у Первоисточника
TikTok	Просмотры (Эконом)	10	---|---	Vexboost (Реселлер)	2974	TikTok Просмотры [Авто-Восстановление 30 Дней♻️]	2.35	100	50000000	---|---	Stream Promotion ⭐	13938	TikTok Просмотры [Турция | 0-1/Ч | 100К/Д | Без Гарантии]	0.0213	100	50000000	---|---	+10920%	-99%	🟢 100% Клон у Первоисточника
Likee	Просмотры (Эконом)	10	---|---	Vexboost (Реселлер)	2048	Telegram Реакция [🍓]	1.23	10	130000	---|---	❌ Не найдено						---|---			Уникальная услуга
Telegram	Просмотры (Эконом)	10	---|---	Vexboost (Реселлер)	2499	Telegram Просмотры [Моментальные] [Реальные]	2.69	5	300000	---|---	Stream Promotion ⭐	26881	TELEGRAM ПРОСМОТРЫ ПРОВАЙДЕР - stream-promotion.ru	0.0000	10000000	10000000	---|---	+0%	-100%	🟡 80% Дешевый аналог оптовика
Twitter (x)	Просмотры (Эконом)	10	---|---	Vexboost (Реселлер)	1669	Twitter Просмотры на твит/видео [Без списаний]	0.50	100	100000000	---|---	Stream Promotion ⭐	33665	Twitter Просмотры [Пост + Видео | Турция | Дешевые | HQ | 0-15/M | 10M/Д | Списания Возможны | Без Гарантии]	0.0152	100	100000000	---|---	+3203%	-97%	🟢 100% Клон у Первоисточника
Telegram	Просмотры в закрытый канал (Эконом (читайте описание!!!)	10	---|---	Vexboost (Реселлер)	2127	Telegram Просмотры [Для закрытых каналов]	2.53	1	300000	---|---	Stream Promotion ⭐	26881	TELEGRAM ПРОСМОТРЫ ПРОВАЙДЕР - stream-promotion.ru	0.0000	10000000	10000000	---|---	+0%	-100%	🟡 80% Дешевый аналог оптовика
Instagram	Просмотры видео (Эконом)	10	---|---	Vexboost (Реселлер)	2424	Instagram Просмотры видео с охватами	5.81	100	250000	---|---	Stream Promotion ⭐	31988	Kick.com Просмотры [Бесплатные | Видео | 0-1/Ч | 1К/Д | Списания Возможны | Без Гарантии]	0.0000	10	100	---|---	+0%	-100%	🟡 80% Дешевый аналог оптовика
Одноклассники	Просмотры видео (Эконом)	7481.25	---|---	Vexboost (Реселлер)	3076	Wibes Репосты в Одноклассники [Живые]	4987.50	30	1000	---|---	Stream Promotion ⭐	26422	YT Репосты Видео [Одноклассники | 0-1/Ч | 50М/Д | Гарантия 90Д]	0.2900	50	500000000	---|---	+1719728%	-100%	🟡 80% Дешевый аналог оптовика
Вконтакте	Просмотры видео/клипов (Стандарт просмотры видео/клипов)	7481.25	---|---	Vexboost (Реселлер)	3075	Wibes Репосты в ВКонтакте [Живые]	4987.50	30	1000	---|---	Stream Promotion ⭐	33839	Wibes Лайки [Живые | Вайб/Пост | 0-12/Ч | 50/Д | Списания Возможны | Без Гарантии]	6.5250	1	10000	---|---	+76337%	-100%	🟡 80% Дешевый аналог оптовика
Вконтакте	Просмотры видео/клипов (Эконом просмотры видео)	935.94	---|---	Vexboost (Реселлер)	2089	Telegram Premium Старты бота [5-25 Дней] [Активность 3-10 Дней]	623.96	10	30000	---|---	Soc-Proof	691	ᴛɢ 🇷🇺 Русские подписчики для Бота с активностью 30 дней	360.0000	10	30000	---|---	+73%	-42%	🟡 90% Точный клон (Возможно тоже перекуп)
Вконтакте	Просмотры видео/клипов (Эконом просмотры клипа)	406.88	---|---	Vexboost (Реселлер)	2090	VK Подписчики [СНГ] [Маленький процент собачек]	271.25	100	20000	---|---	Stream Promotion ⭐	31773	TG Подписчики [СНГ | HQ | 0-2/Ч | 5-10К/Д | Списания Возможны | Гарантия 30Д]	1.3908	10	500000	---|---	+19403%	-99%	🟡 80% Дешевый аналог оптовика
Twitch	Просмотры клипов (Премиум)	10	---|---	Vexboost (Реселлер)	2560	Twitch Просмотры клипов [Лучшая цена] ⚡️	5.16	1	100000	---|---	Stream Promotion ⭐	673	Twitch Просмотры [Клип | VHQ | Недорого | 0-15/M | 1K/Ч | Гарантия 30Д]	0.0359	10	10000000	---|---	+14284%	-99%	🟡 80% Дешевый аналог оптовика
Twitch	Просмотры клипов (Стандарт)	197.63	---|---	Vexboost (Реселлер)	1997	YouTube RU Живые просмотры [Рекомендации + внешние] [Гарантия]	131.75	100	200000	---|---	Stream Promotion ⭐	27049	YT Просмотры [Внешние | Видео | Удержание 60 Сек | 0-1/Ч | 20К/Д | Списания 50% | Гарантия 30Д]	0.8400	100	200000	---|---	+15585%	-99%	🟢 100% Клон у Первоисточника
Twitch	Просмотры клипов (Эконом)	22.28	---|---	Vexboost (Реселлер)	2093	Twitch Просмотры клипов [Высокое качество] ⚡️	14.86	50	100000	---|---	Stream Promotion ⭐	673	Twitch Просмотры [Клип | VHQ | Недорого | 0-15/M | 1K/Ч | Гарантия 30Д]	0.0359	10	10000000	---|---	+41281%	-100%	🟡 80% Дешевый аналог оптовика
Facebook	Просмотры на видео (10 секунд удержание)	128.49	---|---	Vexboost (Реселлер)	1373	Facebook Просмотры Видео| 10 секунд удержание | Монетизируемый	85.66	500	20000000	---|---	Stream Promotion ⭐	27601	Rutube Просмотры [Видео | Настоящие | Удержание 30 секунд | 0-1/Ч | 2К/Д | Возможны Списания | Без Гарантии]	3.3840	50	150000	---|---	+2431%	-96%	🟡 80% Дешевый аналог оптовика
Facebook	Просмотры на видео (30 секунд удержание)	159.08	---|---	Vexboost (Реселлер)	1372	Facebook Просмотры Видео | 30 секунд удержание I Монетизируемый	106.06	500	20000000	---|---	Stream Promotion ⭐	27601	Rutube Просмотры [Видео | Настоящие | Удержание 30 секунд | 0-1/Ч | 2К/Д | Возможны Списания | Без Гарантии]	3.3840	50	150000	---|---	+3034%	-97%	🟡 80% Дешевый аналог оптовика
Twitch	Просмотры на видео (Премиум)	22.28	---|---	Vexboost (Реселлер)	2092	Twitch Просмотры видео [Высокое качество] ⚡️	14.86	50	100000	---|---	Stream Promotion ⭐	31988	Kick.com Просмотры [Бесплатные | Видео | 0-1/Ч | 1К/Д | Списания Возможны | Без Гарантии]	0.0000	10	100	---|---	+0%	-100%	🟡 80% Дешевый аналог оптовика
Twitch	Просмотры на видео (Стандарт)	22.28	---|---	Vexboost (Реселлер)	2092	Twitch Просмотры видео [Высокое качество] ⚡️	14.86	50	100000	---|---	Stream Promotion ⭐	31988	Kick.com Просмотры [Бесплатные | Видео | 0-1/Ч | 1К/Д | Списания Возможны | Без Гарантии]	0.0000	10	100	---|---	+0%	-100%	🟡 80% Дешевый аналог оптовика
Twitch	Просмотры на видео (Эконом)	22.28	---|---	Vexboost (Реселлер)	2092	Twitch Просмотры видео [Высокое качество] ⚡️	14.86	50	100000	---|---	Stream Promotion ⭐	31988	Kick.com Просмотры [Бесплатные | Видео | 0-1/Ч | 1К/Д | Списания Возможны | Без Гарантии]	0.0000	10	100	---|---	+0%	-100%	🟡 80% Дешевый аналог оптовика
Вконтакте	Просмотры на пост (Стандарт)	7481.25	---|---	Vexboost (Реселлер)	3075	Wibes Репосты в ВКонтакте [Живые]	4987.50	30	1000	---|---	Stream Promotion ⭐	33839	Wibes Лайки [Живые | Вайб/Пост | 0-12/Ч | 50/Д | Списания Возможны | Без Гарантии]	6.5250	1	10000	---|---	+76337%	-100%	🟡 80% Дешевый аналог оптовика
Вконтакте	Просмотры на пост (Эконом)	7481.25	---|---	Vexboost (Реселлер)	3075	Wibes Репосты в ВКонтакте [Живые]	4987.50	30	1000	---|---	Stream Promotion ⭐	33839	Wibes Лайки [Живые | Вайб/Пост | 0-12/Ч | 50/Д | Списания Возможны | Без Гарантии]	6.5250	1	10000	---|---	+76337%	-100%	🟡 80% Дешевый аналог оптовика
Instagram	Просмотры рилсов (Стандарт)	10	---|---	Vexboost (Реселлер)	2424	Instagram Просмотры видео с охватами	5.81	100	250000	---|---	Stream Promotion ⭐	31988	Kick.com Просмотры [Бесплатные | Видео | 0-1/Ч | 1К/Д | Списания Возможны | Без Гарантии]	0.0000	10	100	---|---	+0%	-100%	🟡 80% Дешевый аналог оптовика
Instagram	Просмотры рилсов (Эконом)	10	---|---	Vexboost (Реселлер)	2424	Instagram Просмотры видео с охватами	5.81	100	250000	---|---	Stream Promotion ⭐	31988	Kick.com Просмотры [Бесплатные | Видео | 0-1/Ч | 1К/Д | Списания Возможны | Без Гарантии]	0.0000	10	100	---|---	+0%	-100%	🟡 80% Дешевый аналог оптовика
MAX	Реакции (Положительные реакции)	1080	---|---	Vexboost (Реселлер)	2991	MAX Реакции [Положительные]	720.00	1	50000	---|---	SocRocket	349	Реакции #2 - Положительные ⚡️	6.0000	1	50000	---|---	+11900%	-99%	🟡 90% Точный клон (Возможно тоже перекуп)
Rutube	Реакции (Рандомные)	224.21	---|---	Vexboost (Реселлер)	2780	Rutube Реакции случайные [⭐️🔥😍👽😭😂]	149.47	10	149999	---|---	Stream Promotion ⭐	17062	Случайные эмоции Rutube [0-8/Ч | 100-5К/Д | Списания Возможны | Гарантия 30Д]	3.0845	10	149999	---|---	+4746%	-98%	🟢 100% Клон у Первоисточника
MAX	Реакции (Реакции 👍❤️🔥💯 на пост)	1782.39	---|---	Vexboost (Реселлер)	2683	Max Реакции на пост [Позитивные: 👍❤️🔥😍🎉🤟😎😁😆🙏✌️🌚]	1188.26	30	10000	---|---	Stream Promotion ⭐	33469	MAX Реакции [Живые | Позитивные | 0-24/Ч | 100/Д | Списания Возможны | Без Гарантии]	13.1613	1	10000	---|---	+8928%	-99%	🟡 80% Дешевый аналог оптовика
MAX	Реакции (Реакции 👍❤️🔥😍🎉🤟😎😁😆🙏✌️🌚 на пост)	1782.39	---|---	Vexboost (Реселлер)	2683	Max Реакции на пост [Позитивные: 👍❤️🔥😍🎉🤟😎😁😆🙏✌️🌚]	1188.26	30	10000	---|---	Stream Promotion ⭐	33469	MAX Реакции [Живые | Позитивные | 0-24/Ч | 100/Д | Списания Возможны | Без Гарантии]	13.1613	1	10000	---|---	+8928%	-99%	🟡 80% Дешевый аналог оптовика
Telegram	Реакции (Реакции 👍🤩🎉🔥❤️🥰👏🏻 на пост)	10	---|---	Vexboost (Реселлер)	2353	Telegram Реакции позитивные [👍🤩🎉🔥❤️🥰👏🏻] [Лучшая цена!]	1.08	10	10000	---|---	Soc-Proof	884	ᴛɢ Позитивные реакции на пост ⟮ микс 👍 ❤️ 🔥 🎉🤩 😁 ⟯	0.9000	10	200000	---|---	+20%	-16%	🟠 50% Семантический аналог
Telegram	Реакции (Реакции 👎😁😢💩🤮🤔🤯🤬 на пост)	10	---|---	Vexboost (Реселлер)	2354	Telegram Реакции негативные [👎😁😢💩🤮🤔🤯🤬] [Лучшая цена!]	1.17	10	10000	---|---	Soc-Proof	1315	ᴛɢ Негативные реакции на пост ⟮ микс 👎 😑 🤮 🤯 😤 🤬 💩 🖕 🤦 ⟯	0.9000	10	200000	---|---	+30%	-23%	🟠 50% Семантический аналог
Telegram	Реакции (Реакции👌 😍 🖤 🤡 👍 🐳 на пост)	2875.3	---|---	Vexboost (Реселлер)	2281	Telegram Звезды на пост	1916.87	1	10000	---|---	Stream Promotion ⭐	32117	TG Звезды [Пост | 0-1/Ч | 50К/Д | Без Списаний | Без Гарантии]	16.7387	1	50000	---|---	+11352%	-99%	🟡 80% Дешевый аналог оптовика
Telegram	Реакции (Реакции👍 ❤️ 🔥 🎉 на пост)	753.05	---|---	Vexboost (Реселлер)	1292	Telegram Микс позитивных реакций [👍 ❤️ 🔥 🎉 😁] + Просмотры  [50 будущих постов]	502.04	20	2000000	---|---	Stream Promotion ⭐	33058	TG Просмотры [5 будущих постов | 0-1/Ч | 50К/Д | Возможны Списания | Без Гарантии]	0.0300	10	250000	---|---	+1673355%	-100%	🟡 80% Дешевый аналог оптовика
Telegram	Реакции (Реакция на историю ❤️)	10	---|---	Vexboost (Реселлер)	2062	Telegram Реакция на Историю [❤️]	6.32	1	300000	---|---	❌ Не найдено						---|---			Уникальная услуга
Telegram	Реакции (Реакция ⚡️ на пост)	753.05	---|---	Vexboost (Реселлер)	1290	Telegram Реакция [👍] + Просмотры [50 будущих постов]	502.04	20	2000000	---|---	Stream Promotion ⭐	33058	TG Просмотры [5 будущих постов | 0-1/Ч | 50К/Д | Возможны Списания | Без Гарантии]	0.0300	10	250000	---|---	+1673355%	-100%	🟡 80% Дешевый аналог оптовика
Telegram	Реакции (Реакция ⛄️ на пост)	753.05	---|---	Vexboost (Реселлер)	1290	Telegram Реакция [👍] + Просмотры [50 будущих постов]	502.04	20	2000000	---|---	Stream Promotion ⭐	33058	TG Просмотры [5 будущих постов | 0-1/Ч | 50К/Д | Возможны Списания | Без Гарантии]	0.0300	10	250000	---|---	+1673355%	-100%	🟡 80% Дешевый аналог оптовика
Telegram	Реакции (Реакция ❤️ на пост)	753.05	---|---	Vexboost (Реселлер)	1290	Telegram Реакция [👍] + Просмотры [50 будущих постов]	502.04	20	2000000	---|---	Stream Promotion ⭐	33058	TG Просмотры [5 будущих постов | 0-1/Ч | 50К/Д | Возможны Списания | Без Гарантии]	0.0300	10	250000	---|---	+1673355%	-100%	🟡 80% Дешевый аналог оптовика
Facebook	Реакции (Реакция ❤️ на пост)	77.19	---|---	Vexboost (Реселлер)	1369	Facebook Реакция на пост | ❤️	51.46	50	100000	---|---	Stream Promotion ⭐	31910	TG Реакции [🔥 | 1 Пост | 0-2/Ч | 10К/Д | Списания Возможны | Без Гарантии]Реакция	0.0150	10	300000	---|---	+342959%	-100%	🟡 80% Дешевый аналог оптовика
MAX	Реакции (Реакция ❤️ на пост)	1782.39	---|---	Vexboost (Реселлер)	2683	Max Реакции на пост [Позитивные: 👍❤️🔥😍🎉🤟😎😁😆🙏✌️🌚]	1188.26	30	10000	---|---	Stream Promotion ⭐	33469	MAX Реакции [Живые | Позитивные | 0-24/Ч | 100/Д | Списания Возможны | Без Гарантии]	13.1613	1	10000	---|---	+8928%	-99%	🟡 80% Дешевый аналог оптовика
Telegram	Реакции (Реакция 🌭 на пост)	753.05	---|---	Vexboost (Реселлер)	1290	Telegram Реакция [👍] + Просмотры [50 будущих постов]	502.04	20	2000000	---|---	Stream Promotion ⭐	33058	TG Просмотры [5 будущих постов | 0-1/Ч | 50К/Д | Возможны Списания | Без Гарантии]	0.0300	10	250000	---|---	+1673355%	-100%	🟡 80% Дешевый аналог оптовика
Telegram	Реакции (Реакция 🍓 на пост)	753.05	---|---	Vexboost (Реселлер)	1290	Telegram Реакция [👍] + Просмотры [50 будущих постов]	502.04	20	2000000	---|---	Stream Promotion ⭐	33058	TG Просмотры [5 будущих постов | 0-1/Ч | 50К/Д | Возможны Списания | Без Гарантии]	0.0300	10	250000	---|---	+1673355%	-100%	🟡 80% Дешевый аналог оптовика
Telegram	Реакции (Реакция 🎃 на пост)	753.05	---|---	Vexboost (Реселлер)	1290	Telegram Реакция [👍] + Просмотры [50 будущих постов]	502.04	20	2000000	---|---	Stream Promotion ⭐	33058	TG Просмотры [5 будущих постов | 0-1/Ч | 50К/Д | Возможны Списания | Без Гарантии]	0.0300	10	250000	---|---	+1673355%	-100%	🟡 80% Дешевый аналог оптовика
Telegram	Реакции (Реакция 🎄 на пост)	753.05	---|---	Vexboost (Реселлер)	1290	Telegram Реакция [👍] + Просмотры [50 будущих постов]	502.04	20	2000000	---|---	Stream Promotion ⭐	33058	TG Просмотры [5 будущих постов | 0-1/Ч | 50К/Д | Возможны Списания | Без Гарантии]	0.0300	10	250000	---|---	+1673355%	-100%	🟡 80% Дешевый аналог оптовика
Telegram	Реакции (Реакция 🎅 на пост)	753.05	---|---	Vexboost (Реселлер)	1290	Telegram Реакция [👍] + Просмотры [50 будущих постов]	502.04	20	2000000	---|---	Stream Promotion ⭐	33058	TG Просмотры [5 будущих постов | 0-1/Ч | 50К/Д | Возможны Списания | Без Гарантии]	0.0300	10	250000	---|---	+1673355%	-100%	🟡 80% Дешевый аналог оптовика
Telegram	Реакции (Реакция 🏆 на пост)	753.05	---|---	Vexboost (Реселлер)	1290	Telegram Реакция [👍] + Просмотры [50 будущих постов]	502.04	20	2000000	---|---	Stream Promotion ⭐	33058	TG Просмотры [5 будущих постов | 0-1/Ч | 50К/Д | Возможны Списания | Без Гарантии]	0.0300	10	250000	---|---	+1673355%	-100%	🟡 80% Дешевый аналог оптовика
Telegram	Реакции (Реакция 👀 на пост)	753.05	---|---	Vexboost (Реселлер)	1290	Telegram Реакция [👍] + Просмотры [50 будущих постов]	502.04	20	2000000	---|---	Stream Promotion ⭐	33058	TG Просмотры [5 будущих постов | 0-1/Ч | 50К/Д | Возможны Списания | Без Гарантии]	0.0300	10	250000	---|---	+1673355%	-100%	🟡 80% Дешевый аналог оптовика
Telegram	Реакции (Реакция 👌 на пост)	753.05	---|---	Vexboost (Реселлер)	1290	Telegram Реакция [👍] + Просмотры [50 будущих постов]	502.04	20	2000000	---|---	Stream Promotion ⭐	33058	TG Просмотры [5 будущих постов | 0-1/Ч | 50К/Д | Возможны Списания | Без Гарантии]	0.0300	10	250000	---|---	+1673355%	-100%	🟡 80% Дешевый аналог оптовика
Facebook	Реакции (Реакция 👍 на пост)	77.19	---|---	Vexboost (Реселлер)	1368	Facebook Реакция на пост I 👍	51.46	50	100000	---|---	Stream Promotion ⭐	31910	TG Реакции [🔥 | 1 Пост | 0-2/Ч | 10К/Д | Списания Возможны | Без Гарантии]Реакция	0.0150	10	300000	---|---	+342959%	-100%	🟡 80% Дешевый аналог оптовика
Telegram	Реакции (Реакция 👍 на пост)	753.05	---|---	Vexboost (Реселлер)	1290	Telegram Реакция [👍] + Просмотры [50 будущих постов]	502.04	20	2000000	---|---	Stream Promotion ⭐	33058	TG Просмотры [5 будущих постов | 0-1/Ч | 50К/Д | Возможны Списания | Без Гарантии]	0.0300	10	250000	---|---	+1673355%	-100%	🟡 80% Дешевый аналог оптовика
MAX	Реакции (Реакция 👍 на пост)	1782.39	---|---	Vexboost (Реселлер)	2683	Max Реакции на пост [Позитивные: 👍❤️🔥😍🎉🤟😎😁😆🙏✌️🌚]	1188.26	30	10000	---|---	Stream Promotion ⭐	33469	MAX Реакции [Живые | Позитивные | 0-24/Ч | 100/Д | Списания Возможны | Без Гарантии]	13.1613	1	10000	---|---	+8928%	-99%	🟡 80% Дешевый аналог оптовика
MAX	Реакции (Реакция 👎 на пост)	1782.39	---|---	Vexboost (Реселлер)	2683	Max Реакции на пост [Позитивные: 👍❤️🔥😍🎉🤟😎😁😆🙏✌️🌚]	1188.26	30	10000	---|---	Stream Promotion ⭐	33469	MAX Реакции [Живые | Позитивные | 0-24/Ч | 100/Д | Списания Возможны | Без Гарантии]	13.1613	1	10000	---|---	+8928%	-99%	🟡 80% Дешевый аналог оптовика
Telegram	Реакции (Реакция 💋 на пост)	753.05	---|---	Vexboost (Реселлер)	1290	Telegram Реакция [👍] + Просмотры [50 будущих постов]	502.04	20	2000000	---|---	Stream Promotion ⭐	33058	TG Просмотры [5 будущих постов | 0-1/Ч | 50К/Д | Возможны Списания | Без Гарантии]	0.0300	10	250000	---|---	+1673355%	-100%	🟡 80% Дешевый аналог оптовика
Telegram	Реакции (Реакция 💘 на пост)	753.05	---|---	Vexboost (Реселлер)	1290	Telegram Реакция [👍] + Просмотры [50 будущих постов]	502.04	20	2000000	---|---	Stream Promotion ⭐	33058	TG Просмотры [5 будущих постов | 0-1/Ч | 50К/Д | Возможны Списания | Без Гарантии]	0.0300	10	250000	---|---	+1673355%	-100%	🟡 80% Дешевый аналог оптовика
Telegram	Реакции (Реакция 💩 на пост)	753.05	---|---	Vexboost (Реселлер)	1290	Telegram Реакция [👍] + Просмотры [50 будущих постов]	502.04	20	2000000	---|---	Stream Promotion ⭐	33058	TG Просмотры [5 будущих постов | 0-1/Ч | 50К/Д | Возможны Списания | Без Гарантии]	0.0300	10	250000	---|---	+1673355%	-100%	🟡 80% Дешевый аналог оптовика
MAX	Реакции (Реакция 💩 на пост)	1782.39	---|---	Vexboost (Реселлер)	2683	Max Реакции на пост [Позитивные: 👍❤️🔥😍🎉🤟😎😁😆🙏✌️🌚]	1188.26	30	10000	---|---	Stream Promotion ⭐	33469	MAX Реакции [Живые | Позитивные | 0-24/Ч | 100/Д | Списания Возможны | Без Гарантии]	13.1613	1	10000	---|---	+8928%	-99%	🟡 80% Дешевый аналог оптовика
Telegram	Реакции (Реакция 💯 на пост)	753.05	---|---	Vexboost (Реселлер)	1290	Telegram Реакция [👍] + Просмотры [50 будущих постов]	502.04	20	2000000	---|---	Stream Promotion ⭐	33058	TG Просмотры [5 будущих постов | 0-1/Ч | 50К/Д | Возможны Списания | Без Гарантии]	0.0300	10	250000	---|---	+1673355%	-100%	🟡 80% Дешевый аналог оптовика
Telegram	Реакции (Реакция 🔥 на пост)	753.05	---|---	Vexboost (Реселлер)	1290	Telegram Реакция [👍] + Просмотры [50 будущих постов]	502.04	20	2000000	---|---	Stream Promotion ⭐	33058	TG Просмотры [5 будущих постов | 0-1/Ч | 50К/Д | Возможны Списания | Без Гарантии]	0.0300	10	250000	---|---	+1673355%	-100%	🟡 80% Дешевый аналог оптовика
MAX	Реакции (Реакция 🔥 на пост)	1782.39	---|---	Vexboost (Реселлер)	2683	Max Реакции на пост [Позитивные: 👍❤️🔥😍🎉🤟😎😁😆🙏✌️🌚]	1188.26	30	10000	---|---	Stream Promotion ⭐	33469	MAX Реакции [Живые | Позитивные | 0-24/Ч | 100/Д | Списания Возможны | Без Гарантии]	13.1613	1	10000	---|---	+8928%	-99%	🟡 80% Дешевый аналог оптовика
Telegram	Реакции (Реакция 🗿 на пост)	753.05	---|---	Vexboost (Реселлер)	1290	Telegram Реакция [👍] + Просмотры [50 будущих постов]	502.04	20	2000000	---|---	Stream Promotion ⭐	33058	TG Просмотры [5 будущих постов | 0-1/Ч | 50К/Д | Возможны Списания | Без Гарантии]	0.0300	10	250000	---|---	+1673355%	-100%	🟡 80% Дешевый аналог оптовика
Telegram	Реакции (Реакция 😁 на пост)	753.05	---|---	Vexboost (Реселлер)	1290	Telegram Реакция [👍] + Просмотры [50 будущих постов]	502.04	20	2000000	---|---	Stream Promotion ⭐	33058	TG Просмотры [5 будущих постов | 0-1/Ч | 50К/Д | Возможны Списания | Без Гарантии]	0.0300	10	250000	---|---	+1673355%	-100%	🟡 80% Дешевый аналог оптовика
Telegram	Реакции (Реакция 😘 на пост)	753.05	---|---	Vexboost (Реселлер)	1290	Telegram Реакция [👍] + Просмотры [50 будущих постов]	502.04	20	2000000	---|---	Stream Promotion ⭐	33058	TG Просмотры [5 будущих постов | 0-1/Ч | 50К/Д | Возможны Списания | Без Гарантии]	0.0300	10	250000	---|---	+1673355%	-100%	🟡 80% Дешевый аналог оптовика
Telegram	Реакции (Реакция 😢 на пост)	753.05	---|---	Vexboost (Реселлер)	1290	Telegram Реакция [👍] + Просмотры [50 будущих постов]	502.04	20	2000000	---|---	Stream Promotion ⭐	33058	TG Просмотры [5 будущих постов | 0-1/Ч | 50К/Д | Возможны Списания | Без Гарантии]	0.0300	10	250000	---|---	+1673355%	-100%	🟡 80% Дешевый аналог оптовика
Telegram	Реакции (Реакция 😱 на пост)	753.05	---|---	Vexboost (Реселлер)	1290	Telegram Реакция [👍] + Просмотры [50 будущих постов]	502.04	20	2000000	---|---	Stream Promotion ⭐	33058	TG Просмотры [5 будущих постов | 0-1/Ч | 50К/Д | Возможны Списания | Без Гарантии]	0.0300	10	250000	---|---	+1673355%	-100%	🟡 80% Дешевый аналог оптовика
Telegram	Реакции (Реакция 🙉 на пост)	753.05	---|---	Vexboost (Реселлер)	1290	Telegram Реакция [👍] + Просмотры [50 будущих постов]	502.04	20	2000000	---|---	Stream Promotion ⭐	33058	TG Просмотры [5 будущих постов | 0-1/Ч | 50К/Д | Возможны Списания | Без Гарантии]	0.0300	10	250000	---|---	+1673355%	-100%	🟡 80% Дешевый аналог оптовика
Telegram	Реакции (Реакция 🙏 на пост)	753.05	---|---	Vexboost (Реселлер)	1290	Telegram Реакция [👍] + Просмотры [50 будущих постов]	502.04	20	2000000	---|---	Stream Promotion ⭐	33058	TG Просмотры [5 будущих постов | 0-1/Ч | 50К/Д | Возможны Списания | Без Гарантии]	0.0300	10	250000	---|---	+1673355%	-100%	🟡 80% Дешевый аналог оптовика
MAX	Реакции (Реакция 🙏 на пост)	1782.39	---|---	Vexboost (Реселлер)	2683	Max Реакции на пост [Позитивные: 👍❤️🔥😍🎉🤟😎😁😆🙏✌️🌚]	1188.26	30	10000	---|---	Stream Promotion ⭐	33469	MAX Реакции [Живые | Позитивные | 0-24/Ч | 100/Д | Списания Возможны | Без Гарантии]	13.1613	1	10000	---|---	+8928%	-99%	🟡 80% Дешевый аналог оптовика
Facebook	Реакции (Реакция 🤗 на пост)	77.19	---|---	Vexboost (Реселлер)	1370	Facebook Реакция на пост | 🤗	51.46	50	100000	---|---	Stream Promotion ⭐	31910	TG Реакции [🔥 | 1 Пост | 0-2/Ч | 10К/Д | Списания Возможны | Без Гарантии]Реакция	0.0150	10	300000	---|---	+342959%	-100%	🟡 80% Дешевый аналог оптовика
Telegram	Реакции (Реакция 🤣 на пост)	753.05	---|---	Vexboost (Реселлер)	1290	Telegram Реакция [👍] + Просмотры [50 будущих постов]	502.04	20	2000000	---|---	Stream Promotion ⭐	33058	TG Просмотры [5 будущих постов | 0-1/Ч | 50К/Д | Возможны Списания | Без Гарантии]	0.0300	10	250000	---|---	+1673355%	-100%	🟡 80% Дешевый аналог оптовика
Telegram	Реакции (Реакция 🤮 на пост)	753.05	---|---	Vexboost (Реселлер)	1290	Telegram Реакция [👍] + Просмотры [50 будущих постов]	502.04	20	2000000	---|---	Stream Promotion ⭐	33058	TG Просмотры [5 будущих постов | 0-1/Ч | 50К/Д | Возможны Списания | Без Гарантии]	0.0300	10	250000	---|---	+1673355%	-100%	🟡 80% Дешевый аналог оптовика
Telegram	Реакции (Реакция 🤷 на пост)	753.05	---|---	Vexboost (Реселлер)	1290	Telegram Реакция [👍] + Просмотры [50 будущих постов]	502.04	20	2000000	---|---	Stream Promotion ⭐	33058	TG Просмотры [5 будущих постов | 0-1/Ч | 50К/Д | Возможны Списания | Без Гарантии]	0.0300	10	250000	---|---	+1673355%	-100%	🟡 80% Дешевый аналог оптовика
Telegram	Реакции (Реакция 🥰 на пост)	753.05	---|---	Vexboost (Реселлер)	1290	Telegram Реакция [👍] + Просмотры [50 будущих постов]	502.04	20	2000000	---|---	Stream Promotion ⭐	33058	TG Просмотры [5 будущих постов | 0-1/Ч | 50К/Д | Возможны Списания | Без Гарантии]	0.0300	10	250000	---|---	+1673355%	-100%	🟡 80% Дешевый аналог оптовика
MAX	Реакции (Реакция 🥳 на пост)	1782.39	---|---	Vexboost (Реселлер)	2683	Max Реакции на пост [Позитивные: 👍❤️🔥😍🎉🤟😎😁😆🙏✌️🌚]	1188.26	30	10000	---|---	Stream Promotion ⭐	33469	MAX Реакции [Живые | Позитивные | 0-24/Ч | 100/Д | Списания Возможны | Без Гарантии]	13.1613	1	10000	---|---	+8928%	-99%	🟡 80% Дешевый аналог оптовика
Telegram	Реакции (Реакция 🦄 на пост)	753.05	---|---	Vexboost (Реселлер)	1290	Telegram Реакция [👍] + Просмотры [50 будущих постов]	502.04	20	2000000	---|---	Stream Promotion ⭐	33058	TG Просмотры [5 будущих постов | 0-1/Ч | 50К/Д | Возможны Списания | Без Гарантии]	0.0300	10	250000	---|---	+1673355%	-100%	🟡 80% Дешевый аналог оптовика
Telegram	Реакции (Реакция 🧑‍💻 на пост)	753.05	---|---	Vexboost (Реселлер)	1290	Telegram Реакция [👍] + Просмотры [50 будущих постов]	502.04	20	2000000	---|---	Stream Promotion ⭐	33058	TG Просмотры [5 будущих постов | 0-1/Ч | 50К/Д | Возможны Списания | Без Гарантии]	0.0300	10	250000	---|---	+1673355%	-100%	🟡 80% Дешевый аналог оптовика
Rutube	Реакции (Эконом)	224.21	---|---	Vexboost (Реселлер)	2780	Rutube Реакции случайные [⭐️🔥😍👽😭😂]	149.47	10	149999	---|---	Stream Promotion ⭐	17062	Случайные эмоции Rutube [0-8/Ч | 100-5К/Д | Списания Возможны | Гарантия 30Д]	3.0845	10	149999	---|---	+4746%	-98%	🟢 100% Клон у Первоисточника
Одноклассники	Репосты (Премиум)	7481.25	---|---	Vexboost (Реселлер)	3076	Wibes Репосты в Одноклассники [Живые]	4987.50	30	1000	---|---	Stream Promotion ⭐	26422	YT Репосты Видео [Одноклассники | 0-1/Ч | 50М/Д | Гарантия 90Д]	0.2900	50	500000000	---|---	+1719728%	-100%	🟡 80% Дешевый аналог оптовика
Telegram	Репосты (Премиум)	378.97	---|---	Vexboost (Реселлер)	2752	🌟🤖Telegram Запуск бота Premium Аккаунты [30-90 дней Премиума]	252.65	100	50000	---|---	Stream Promotion ⭐	130	IG Лайки [Аккаунты с аватарками | 0-1/Ч | 5K/Ч | Списания 0-2% | Без Гарантии] РАБОТАЮТ ПОСЛЕ 04.10	0.3168	10	500000	---|---	+79650%	-100%	🟡 80% Дешевый аналог оптовика
YouTube	Репосты (Премиум)	774.13	---|---	Vexboost (Реселлер)	2252	YouTube Просмотры Shorts + Подписчики [30 Дней гарантии]	516.09	50	50000	---|---	Stream Promotion ⭐	28009	TG Просмотры [1 Пост | Живые | Германия | 0-1/Ч | 10K/Д | Списания Возможны | Без Гарантии]	0.0800	50	50000	---|---	+645010%	-100%	🟢 100% Клон у Первоисточника
MAX	Репосты (Премиум)	1080	---|---	Vexboost (Реселлер)	2994	MAX Репосты	720.00	1	50000	---|---	Stream Promotion ⭐	33833	MAX Репосты [Живые | Пост | 0-24/Ч | 100/Д | Списания Возможны | Без Гарантии]	7.7651	1	50000	---|---	+9172%	-99%	🟢 100% Клон у Первоисточника
Instagram	Репосты (Стандарт (В профиль)	10	---|---	Vexboost (Реселлер)	2424	Instagram Просмотры видео с охватами	5.81	100	250000	---|---	Stream Promotion ⭐	31988	Kick.com Просмотры [Бесплатные | Видео | 0-1/Ч | 1К/Д | Списания Возможны | Без Гарантии]	0.0000	10	100	---|---	+0%	-100%	🟡 80% Дешевый аналог оптовика
Telegram	Репосты (Стандарт)	138.75	---|---	Vexboost (Реселлер)	1603	Telegram Просмотры RU [SEO] 🌟	92.50	20	100000	---|---	Stream Promotion ⭐	26881	TELEGRAM ПРОСМОТРЫ ПРОВАЙДЕР - stream-promotion.ru	0.0000	10000000	10000000	---|---	+0%	-100%	🟡 80% Дешевый аналог оптовика
Likee	Репосты (Стандарт)	222.49	---|---	Vexboost (Реселлер)	2489	Likee Репосты (Поделится) [Высокое качество]	148.33	10	50000	---|---	Stream Promotion ⭐	23844	IG Лайки [REELS | Высокое качество | Списания Возможны | 10-20К/Д | Женщины | Без гарантии] РАБОТАЮТ ПОСЛЕ 04.10	0.8323	20	20000	---|---	+17722%	-99%	🟡 80% Дешевый аналог оптовика
TikTok	Репосты (Стандарт)	604.5	---|---	Vexboost (Реселлер)	1897	TikTok Репосты [Живые] [РФ+СНГ]	302.25	5	20000	---|---	Stream Promotion ⭐	32855	TikTok Лайки [Живые и Боты | 0-15/М | 20К/Д | Списания Возможны | Без Гарантии]	0.0760	10	1000000	---|---	+397597%	-100%	🟡 80% Дешевый аналог оптовика
Instagram	Репосты (Стандарт)	92.85	---|---	Vexboost (Реселлер)	2566	Instagram лайки [РУ+СНГ] [30 Дней докрут по кнопке♻️]	61.90	10	50000	---|---	Stream Promotion ⭐	32466	YT Лайки Реферальные [Instagram.com | HQ | 0-1/Ч | 50К/Д | Списания Возможны | Гарантия 90Д]	0.6840	10	50000	---|---	+8950%	-99%	🟢 100% Клон у Первоисточника
TikTok	Репосты (Эконом)	604.5	---|---	Vexboost (Реселлер)	1897	TikTok Репосты [Живые] [РФ+СНГ]	302.25	5	20000	---|---	Stream Promotion ⭐	32855	TikTok Лайки [Живые и Боты | 0-15/М | 20К/Д | Списания Возможны | Без Гарантии]	0.0760	10	1000000	---|---	+397597%	-100%	🟡 80% Дешевый аналог оптовика
Facebook	Репосты (Эконом)	149.12	---|---	Vexboost (Реселлер)	1374	Facebook Пост Фото Репост | Высокое качество	99.42	10	100000	---|---	Stream Promotion ⭐	27297	TG Репосты [Пост | Арабские | 0-10/Мин | 10К/Д | Возможны Списания | Без Гарантии]	0.0800	10	100000	---|---	+124170%	-100%	🟢 100% Клон у Первоисточника
Likee	Репосты (Эконом)	222.49	---|---	Vexboost (Реселлер)	2489	Likee Репосты (Поделится) [Высокое качество]	148.33	10	50000	---|---	Stream Promotion ⭐	23844	IG Лайки [REELS | Высокое качество | Списания Возможны | 10-20К/Д | Женщины | Без гарантии] РАБОТАЮТ ПОСЛЕ 04.10	0.8323	20	20000	---|---	+17722%	-99%	🟡 80% Дешевый аналог оптовика
MAX	Репосты (Эконом)	1080	---|---	Vexboost (Реселлер)	2994	MAX Репосты	720.00	1	50000	---|---	Stream Promotion ⭐	33833	MAX Репосты [Живые | Пост | 0-24/Ч | 100/Д | Списания Возможны | Без Гарантии]	7.7651	1	50000	---|---	+9172%	-99%	🟢 100% Клон у Первоисточника
Telegram	Репосты (Эконом)	138.75	---|---	Vexboost (Реселлер)	1603	Telegram Просмотры RU [SEO] 🌟	92.50	20	100000	---|---	Stream Promotion ⭐	26881	TELEGRAM ПРОСМОТРЫ ПРОВАЙДЕР - stream-promotion.ru	0.0000	10000000	10000000	---|---	+0%	-100%	🟡 80% Дешевый аналог оптовика
Instagram	Репосты (Эконом)	10	---|---	Vexboost (Реселлер)	2298	Instagram Поделиться [Репост] [Быстрый старт] [Гарантия в случае списаний]	1.39	10	10000000	---|---	Stream Promotion ⭐	566	TikTok Поделиться [0-1/Ч | 100К/Д | Списания Возможны | Гарантия 30Д]	0.0342	10	10000000	---|---	+3963%	-98%	🟢 100% Клон у Первоисточника
YouTube	Репосты (Эконом)	182.99	---|---	Vexboost (Реселлер)	1618	YouTube Репост в соц. сетях [ ~250/День ]	121.99	100	10000	---|---	Stream Promotion ⭐	31655	YouTube Зрители [Бесплатные | 10 Зрителей | 1 День]	0.0000	10	10	---|---	+0%	-100%	🟡 80% Дешевый аналог оптовика
Вконтакте	Репосты (Эконом)	7481.25	---|---	Vexboost (Реселлер)	3075	Wibes Репосты в ВКонтакте [Живые]	4987.50	30	1000	---|---	Stream Promotion ⭐	33839	Wibes Лайки [Живые | Вайб/Пост | 0-12/Ч | 50/Д | Списания Возможны | Без Гарантии]	6.5250	1	10000	---|---	+76337%	-100%	🟡 80% Дешевый аналог оптовика
Twitter (x)	Ретвиты (Стандарт)	1231.66	---|---	Vexboost (Реселлер)	2436	Twitter Ретвиты [Минимум списаний] [Гарантия 30 Дней]	821.11	100	2000	---|---	Stream Promotion ⭐	33749	Twitter Просмотры [Пост + Видео | Дешевые | HQ | 0-1/Ч | 100К/Д | Списания Возможны | Гарантия 30Д]	0.0103	100	2147483647	---|---	+7971812%	-100%	🟡 80% Дешевый аналог оптовика
Twitter (x)	Ретвиты (Эконом)	1231.66	---|---	Vexboost (Реселлер)	2436	Twitter Ретвиты [Минимум списаний] [Гарантия 30 Дней]	821.11	100	2000	---|---	Stream Promotion ⭐	33749	Twitter Просмотры [Пост + Видео | Дешевые | HQ | 0-1/Ч | 100К/Д | Списания Возможны | Гарантия 30Д]	0.0103	100	2147483647	---|---	+7971812%	-100%	🟡 80% Дешевый аналог оптовика
Telegram	Рефералы (Живые рефералы для ботов)	2250	---|---	Vexboost (Реселлер)	1507	Telegram Рефералы для ботов (только запуск)🌟	1500.00	1	300000	---|---	Smmpanel Us	38414	Telegram | Активации бота (Start) [Тех. запуск] [Без рефила]	30.4000	10	50000	---|---	+4834%	-98%	🟠 50% Семантический аналог
Instagram	Сохранения (Стандарт)	10	---|---	Vexboost (Реселлер)	991	Instagram Сохранения [Быстрый старт]	6.28	10	1000000	---|---	Stream Promotion ⭐	27357	TG Просмотры [Пост | США | Живые | Быстрый Старт | 10К/Д | Гарантия 90Д]	0.0791	50	1000000	---|---	+7834%	-99%	🟡 80% Дешевый аналог оптовика
TikTok	Сохранения (Стандарт)	182.99	---|---	Vexboost (Реселлер)	1617	YouTube Репост в соц. сетях [ ~100/День ]	121.99	100	10000	---|---	Stream Promotion ⭐	31655	YouTube Зрители [Бесплатные | 10 Зрителей | 1 День]	0.0000	10	10	---|---	+0%	-100%	🟡 80% Дешевый аналог оптовика
Instagram	Сохранения (Эконом)	10	---|---	Vexboost (Реселлер)	991	Instagram Сохранения [Быстрый старт]	6.28	10	1000000	---|---	Stream Promotion ⭐	27357	TG Просмотры [Пост | США | Живые | Быстрый Старт | 10К/Д | Гарантия 90Д]	0.0791	50	1000000	---|---	+7834%	-99%	🟡 80% Дешевый аналог оптовика
TikTok	Сохранения (Эконом)	10	---|---	Vexboost (Реселлер)	1479	TikTok Сохранения видео [30 Дней гарантии]	0.81	10	2147483647	---|---	Stream Promotion ⭐	33221	TikTok Лайки [LQ | Дешевые | 0-1/Ч | 10К/Д | Списания Возможны | Без Гарантии]	0.0725	10	2147483647	---|---	+1013%	-91%	🟢 100% Клон у Первоисточника
Instagram	Статистика (Показы + Охват)	10	---|---	Vexboost (Реселлер)	2299	Instagram Охват + Показы публикации [Плавно]	5.68	10	1000000	---|---	Stream Promotion ⭐	24343	IG Просмотры + Охваты + Показы [MQ | Любые Ссылки | 0-1/Ч | 200К/Д | Списания Возможны | Без Гарантии] РАБОТАЮТ ПОСЛЕ 31.08	0.0718	100	10000000	---|---	+7817%	-99%	🟡 80% Дешевый аналог оптовика
Instagram	Статистика (Показы + Охваты + Интересное)	10	---|---	Vexboost (Реселлер)	2299	Instagram Охват + Показы публикации [Плавно]	5.68	10	1000000	---|---	Stream Promotion ⭐	24343	IG Просмотры + Охваты + Показы [MQ | Любые Ссылки | 0-1/Ч | 200К/Д | Списания Возможны | Без Гарантии] РАБОТАЮТ ПОСЛЕ 31.08	0.0718	100	10000000	---|---	+7817%	-99%	🟡 80% Дешевый аналог оптовика
Вконтакте	Статистика (Посещения в группу/паблик)	7481.25	---|---	Vexboost (Реселлер)	3075	Wibes Репосты в ВКонтакте [Живые]	4987.50	30	1000	---|---	Stream Promotion ⭐	33839	Wibes Лайки [Живые | Вайб/Пост | 0-12/Ч | 50/Д | Списания Возможны | Без Гарантии]	6.5250	1	10000	---|---	+76337%	-100%	🟡 80% Дешевый аналог оптовика
Вконтакте	Статистика (Посещения в профиль)	7481.25	---|---	Vexboost (Реселлер)	3075	Wibes Репосты в ВКонтакте [Живые]	4987.50	30	1000	---|---	Stream Promotion ⭐	33839	Wibes Лайки [Живые | Вайб/Пост | 0-12/Ч | 50/Д | Списания Возможны | Без Гарантии]	6.5250	1	10000	---|---	+76337%	-100%	🟡 80% Дешевый аналог оптовика